seed,candidate_id,total_sorties_completed,total_missed_sorties,wave_sorties,runtime_seconds,launch_mode,recovery_mode,precedence,launch_top_k,recovery_top_k,random_targets
66001,0,100,140,16;11;8;8;8;7;7;8;7;7;6;7,180.9781751986593,duration,duration,recovery,1,1,False
66001,1,99,141,16;11;8;7;6;8;8;7;7;7;6;8,191.317498203367,fair,duration,recovery,1,1,False
66001,2,98,142,16;11;8;7;8;8;8;7;7;6;6;6,196.72956116870046,ready,duration,recovery,1,1,False
66001,3,80,160,8;7;6;7;7;6;7;6;7;7;6;6,75.66751618124545,spot,duration,recovery,2,1,False
66001,4,102,138,16;11;8;8;7;8;8;7;8;7;6;8,176.89376919716597,duration,fair,recovery,2,1,False
66001,5,100,140,16;11;8;7;7;8;8;7;8;8;6;6,193.49939223378897,fair,fair,recovery,2,1,False
66001,6,97,143,16;11;7;6;7;7;7;6;8;8;8;6,167.77701778896153,ready,fair,recovery,3,1,False
66001,7,84,156,8;8;8;6;6;6;7;7;6;7;8;7,79.35494302026927,spot,fair,recovery,3,2,False
66001,8,100,140,16;11;8;8;8;6;8;6;8;7;7;7,192.67751027457416,duration,reverse,recovery,3,2,False
66001,9,96,144,16;11;8;7;8;7;7;7;6;6;7;6,152.119831783697,fair,reverse,recovery,5,2,False
66001,10,92,148,16;10;8;7;7;6;6;6;7;6;7;6,190.3498547077179,ready,reverse,recovery,5,2,False
66001,11,94,146,10;10;8;6;7;6;8;8;8;8;7;8,100.59873349033296,spot,reverse,recovery,5,2,False
66001,12,101,139,16;11;8;8;8;8;7;8;7;7;7;6,212.50788865797222,duration,duration,launch,1,2,False
66001,13,100,140,16;11;8;7;7;8;8;7;7;8;7;6,167.55432674847543,fair,duration,launch,1,2,False
66001,14,96,144,16;11;8;7;8;7;6;7;7;6;6;7,150.31623359583318,ready,duration,launch,1,3,False
66001,15,90,150,9;9;10;8;8;9;8;7;8;4;4;6,146.8935858719051,spot,duration,launch,2,3,True
66001,16,100,140,13;12;9;8;8;8;7;8;7;7;7;6,160.19107112661004,duration,fair,launch,2,3,False
66001,17,99,141,13;13;8;7;6;8;8;8;8;7;7;6,161.17569538205862,fair,fair,launch,2,3,False
66001,18,99,141,14;12;8;7;8;8;7;7;8;7;6;7,176.7705989666283,ready,fair,launch,3,3,False
66001,19,87,153,8;8;8;8;6;8;6;8;7;7;7;6,117.43870188854635,spot,fair,launch,3,3,False
66001,20,100,140,16;11;8;8;8;7;8;7;7;7;6;7,199.43619458004832,duration,reverse,launch,3,3,False
66001,21,96,144,16;11;8;7;6;8;6;7;8;6;6;7,186.35197868570685,fair,reverse,launch,5,5,False
66001,22,94,146,14;9;8;7;7;7;7;8;7;7;7;6,155.5060914028436,ready,reverse,launch,5,5,False
66001,23,92,148,11;11;8;8;7;7;7;6;6;6;7;8,134.82396301999688,spot,reverse,launch,5,5,False
66001,24,100,140,16;11;8;8;8;7;7;8;7;7;6;7,203.1953288167715,duration,duration,deadline,1,5,False
66001,25,100,140,16;11;8;7;7;8;8;7;8;7;7;6,174.0645306762308,fair,duration,deadline,1,5,False
66001,26,98,142,16;11;8;7;8;8;8;7;7;6;6;6,175.01138369739056,ready,duration,deadline,1,5,False
66001,27,90,150,9;9;9;8;7;7;7;6;7;6;8;7,130.0806285366416,spot,duration,deadline,2,5,False
66001,28,102,138,13;12;9;8;8;8;7;8;7;8;6;8,183.41339777223766,duration,fair,deadline,2,1,False
66001,29,100,140,16;11;8;8;6;8;8;8;6;7;6;8,193.29050181992352,fair,fair,deadline,2,1,False
66001,30,98,142,16;12;7;7;8;7;7;6;8;6;7;7,181.70990418829024,ready,fair,deadline,3,1,False
66001,31,89,151,9;8;8;10;8;10;8;8;7;5;3;5,137.63288494758308,spot,fair,deadline,3,1,True
66001,32,100,140,16;11;8;8;7;8;7;8;8;6;6;7,194.63611161895096,duration,reverse,deadline,3,1,False
66001,33,92,148,13;10;8;7;7;7;7;7;7;6;7;6,177.29575969092548,fair,reverse,deadline,5,1,False
66001,34,90,150,13;10;8;7;7;7;6;6;6;7;6;7,141.83808032236993,ready,reverse,deadline,5,1,False
66001,35,85,155,9;7;7;7;6;8;7;7;7;6;7;7,91.67910494282842,spot,reverse,deadline,5,2,False
66001,36,100,140,16;11;8;8;8;7;7;8;7;7;6;7,206.55963325686753,duration,duration,recovery,1,2,False
66001,37,99,141,16;11;8;7;6;8;8;7;7;7;6;8,175.89526513963938,fair,duration,recovery,1,2,False
66001,38,98,142,16;11;8;7;8;8;8;7;7;6;6;6,203.26418717764318,ready,duration,recovery,1,2,False
66001,39,84,156,8;8;7;7;7;6;7;6;7;6;7;8,95.3974724188447,spot,duration,recovery,2,2,False
66001,40,99,141,13;10;8;8;8;8;7;8;7;8;6;8,146.68981726840138,duration,fair,recovery,2,2,False
66001,41,101,139,16;11;8;7;7;8;8;7;7;8;7;7,179.69232266768813,fair,fair,recovery,2,2,False
66001,42,91,149,16;11;7;6;6;7;7;7;6;6;6;6,159.44632355123758,ready,fair,recovery,3,3,False
66001,43,88,152,9;10;8;7;6;7;7;8;6;6;6;8,55.39769481681287,spot,fair,recovery,3,3,False
66001,44,102,138,16;11;9;8;7;8;7;8;7;7;8;6,165.85795582830906,duration,reverse,recovery,3,3,False
66001,45,97,143,13;11;8;7;8;8;8;6;8;6;8;6,188.90863581560552,fair,reverse,recovery,5,3,False
66001,46,97,143,16;11;8;7;6;6;7;7;8;8;6;7,181.7758506592363,ready,reverse,recovery,5,3,False
66001,47,89,151,11;9;9;6;9;8;8;8;6;6;4;5,123.18756673112512,spot,reverse,recovery,5,3,True
66001,48,101,139,16;11;8;8;8;8;7;8;7;7;7;6,187.38289288431406,duration,duration,launch,1,3,False
66001,49,100,140,16;11;8;7;7;8;8;7;7;8;7;6,193.519707063213,fair,duration,launch,1,5,False
66001,50,96,144,16;11;8;7;8;7;6;7;7;6;6;7,174.58313020691276,ready,duration,launch,1,5,False
66001,51,88,152,8;8;8;7;6;8;7;7;7;8;7;7,112.1807863060385,spot,duration,launch,2,5,False
66001,52,100,140,13;10;8;8;8;7;8;8;8;7;8;7,191.11397720873356,duration,fair,launch,2,5,False
66001,53,101,139,16;11;8;8;7;8;7;8;7;7;7;7,185.34734857454896,fair,fair,launch,2,5,False
66001,54,100,140,16;11;8;6;8;8;8;7;7;7;7;7,195.40771899931133,ready,fair,launch,3,5,False
66001,55,86,154,8;9;8;7;6;6;7;8;8;7;6;6,121.6529923453927,spot,fair,launch,3,5,False
66001,56,100,140,13;10;11;8;8;8;8;7;7;6;7;7,206.9545491039753,duration,reverse,launch,3,1,False
66001,57,98,142,16;12;8;7;6;8;7;8;7;7;7;5,190.78503996506333,fair,reverse,launch,5,1,False
66001,58,97,143,16;11;8;8;8;7;7;6;7;6;7;6,191.45420576818287,ready,reverse,launch,5,1,False
66001,59,92,148,9;11;9;6;6;7;8;6;8;8;8;6,119.31006668321788,spot,reverse,launch,5,1,False
66001,60,100,140,16;11;8;8;8;7;7;8;7;7;6;7,193.07674433849752,duration,duration,deadline,1,1,False
66001,61,100,140,16;11;8;7;7;8;8;7;8;7;7;6,204.72151478379965,fair,duration,deadline,1,1,False
66001,62,98,142,16;11;8;7;8;8;8;7;7;6;6;6,201.70558170229197,ready,duration,deadline,1,1,False
66001,63,89,151,8;7;7;8;8;8;7;8;9;8;6;5,110.13992948830128,spot,duration,deadline,2,2,True
66001,64,102,138,14;9;10;8;8;7;8;8;7;8;8;7,175.15189742296934,duration,fair,deadline,2,2,False
66001,65,101,139,16;11;8;7;6;8;8;7;8;8;7;7,185.52430690824986,fair,fair,deadline,2,2,False
66001,66,99,141,16;12;7;6;8;6;7;8;7;7;7;8,181.49267926253378,ready,fair,deadline,3,2,False
66001,67,93,147,10;9;8;8;7;7;8;7;7;7;8;7,111.68479100428522,spot,fair,deadline,3,2,False
66001,68,101,139,13;10;8;8;8;8;8;7;8;8;7;8,152.55038010701537,duration,reverse,deadline,3,2,False
66001,69,98,142,16;11;8;6;7;8;8;7;7;6;8;6,180.83646896108985,fair,reverse,deadline,5,2,False
66001,70,94,146,16;11;8;7;8;6;7;7;6;6;6;6,177.14684809930623,ready,reverse,deadline,5,3,False
66001,71,93,147,9;9;8;8;8;7;7;7;7;7;8;8,133.5312955081463,spot,reverse,deadline,5,3,False
66001,72,100,140,16;11;8;8;8;7;7;8;7;7;6;7,183.3499302919954,duration,duration,recovery,1,3,False
66001,73,99,141,16;11;8;7;6;8;8;7;7;7;6;8,191.2597834598273,fair,duration,recovery,1,3,False
66001,74,98,142,16;11;8;7;8;8;8;7;7;6;6;6,190.90640511736274,ready,duration,recovery,1,3,False
66001,75,93,147,9;11;8;8;7;8;6;7;7;6;8;8,114.69874901138246,spot,duration,recovery,2,3,False
66001,76,103,137,16;11;8;8;7;8;7;7;8;8;7;8,179.80003448762,duration,fair,recovery,2,3,False
66001,77,103,137,16;12;8;7;7;8;8;7;7;7;8;8,191.4001105260104,fair,fair,recovery,2,5,False
66001,78,96,144,16;11;7;7;6;7;7;6;8;8;6;7,166.21974419988692,ready,fair,recovery,3,5,False
66001,79,88,152,9;9;8;8;7;6;9;9;8;7;4;4,140.5783725939691,spot,fair,recovery,3,5,True
66001,80,101,139,16;10;8;8;7;8;7;8;6;8;7;8,177.34385630115867,duration,reverse,recovery,3,5,False
66001,81,97,143,16;11;8;7;7;8;7;7;6;8;6;6,191.50522809661925,fair,reverse,recovery,5,5,False
66001,82,96,144,16;11;7;7;6;8;7;6;6;8;7;7,177.54590779170394,ready,reverse,recovery,5,5,False
66001,83,92,148,10;9;8;8;7;7;7;8;7;6;8;7,136.93394960276783,spot,reverse,recovery,5,5,False
66001,84,101,139,16;11;8;8;8;8;7;8;7;7;7;6,192.38323622569442,duration,duration,launch,1,1,False
66001,85,100,140,16;11;8;7;7;8;8;7;7;8;7;6,172.19821524433792,fair,duration,launch,1,1,False
66001,86,96,144,16;11;8;7;8;7;6;7;7;6;6;7,181.54017216153443,ready,duration,launch,1,1,False
66001,87,91,149,9;10;9;8;7;7;7;6;7;7;7;7,120.34225496836007,spot,duration,launch,2,1,False
66001,88,101,139,13;10;11;8;8;8;7;7;8;7;7;7,150.95663344860077,duration,fair,launch,2,1,False
66001,89,99,141,16;10;8;8;6;8;8;8;8;6;7;6,186.9979541990906,fair,fair,launch,2,1,False
66001,90,97,143,16;11;7;8;6;8;8;7;7;6;7;6,178.304004881531,ready,fair,launch,3,1,False
66001,91,87,153,8;7;8;6;7;6;8;8;7;7;7;8,74.83959431760013,spot,fair,launch,3,2,False
66001,92,102,138,16;12;8;8;8;8;8;8;7;7;6;6,177.96451417915523,duration,reverse,launch,3,2,False
66001,93,99,141,16;11;8;8;6;8;8;7;7;7;7;6,181.19854207709432,fair,reverse,launch,5,2,False
66001,94,92,148,13;10;6;7;7;8;7;7;7;7;6;7,111.29990269988775,ready,reverse,launch,5,2,False
66001,95,89,151,9;9;10;7;7;7;8;9;8;6;4;5,120.97339294478297,spot,reverse,launch,5,2,True
66001,96,100,140,16;11;8;8;8;7;7;8;7;7;6;7,174.9119180161506,duration,duration,deadline,1,2,False
66001,97,101,139,16;11;8;7;7;8;8;7;8;7;7;7,170.62672276049852,fair,duration,deadline,1,2,False
66001,98,98,142,16;11;8;7;8;8;8;7;7;6;6;6,184.66128381714225,ready,duration,deadline,1,3,False
66001,99,93,147,9;10;8;8;7;7;7;8;8;7;7;7,136.86603930406272,spot,duration,deadline,2,3,False
66001,100,101,139,16;12;8;8;8;7;7;8;6;8;7;6,219.78504305705428,duration,fair,deadline,2,3,False
66001,101,100,140,14;9;10;8;7;8;7;8;7;8;6;8,176.2105589993298,fair,fair,deadline,2,3,False
66001,102,96,144,16;12;8;6;6;6;7;7;8;7;6;7,175.03085501678288,ready,fair,deadline,3,3,False
66001,103,84,156,8;8;6;7;6;7;7;6;8;7;7;7,109.64002003148198,spot,fair,deadline,3,3,False
66001,104,102,138,14;10;10;8;8;8;8;7;8;7;7;7,207.02999693341553,duration,reverse,deadline,3,3,False
66001,105,99,141,16;11;8;6;7;8;8;6;8;7;6;8,199.87978509999812,fair,reverse,deadline,5,5,False
66001,106,95,145,16;11;8;7;6;7;6;6;6;7;8;7,208.28876287303865,ready,reverse,deadline,5,5,False
66001,107,94,146,10;10;9;8;7;8;7;7;7;7;6;8,170.7953329384327,spot,reverse,deadline,5,5,False
66001,108,100,140,16;11;8;8;8;7;7;8;7;7;6;7,207.97599913924932,duration,duration,recovery,1,5,False
66001,109,99,141,16;11;8;7;6;8;8;7;7;7;6;8,220.82444207929075,fair,duration,recovery,1,5,False
66001,110,98,142,16;11;8;7;8;8;8;7;7;6;6;6,166.60968265868723,ready,duration,recovery,1,5,False
66001,111,89,151,9;10;10;7;8;7;7;9;8;5;4;5,122.20597902871668,spot,duration,recovery,2,5,True
66001,112,101,139,16;11;9;8;8;7;8;7;7;7;6;7,219.35881992056966,duration,fair,recovery,2,1,False
66001,113,98,142,13;10;8;8;7;7;8;7;8;7;7;8,198.48346247524023,fair,fair,recovery,2,1,False
66001,114,97,143,16;11;7;6;6;8;6;7;8;8;6;8,249.14334913156927,ready,fair,recovery,3,1,False
66001,115,94,146,9;9;8;7;7;7;7;7;8;7;9;9,94.02418824285269,spot,fair,recovery,3,1,False
66001,116,102,138,13;10;10;8;8;8;7;8;8;7;8;7,229.55305565148592,duration,reverse,recovery,3,1,False
66001,117,94,146,13;9;8;8;7;8;7;7;8;7;6;6,192.084570646286,fair,reverse,recovery,5,1,False
66001,118,96,144,16;11;9;6;8;6;6;7;6;6;8;7,188.88205513171852,ready,reverse,recovery,5,1,False
66001,119,86,154,8;8;8;6;7;6;7;8;7;7;7;7,85.41468433476985,spot,reverse,recovery,5,2,False
66001,120,101,139,16;11;8;8;8;8;7;8;7;7;7;6,237.61766083166003,duration,duration,launch,1,2,False
66001,121,100,140,16;11;8;7;7;8;8;7;7;8;7;6,257.6771978903562,fair,duration,launch,1,2,False
66001,122,96,144,16;11;8;7;8;7;6;7;7;6;6;7,216.7772633265704,ready,duration,launch,1,2,False
66001,123,98,142,9;10;9;7;8;8;7;7;8;9;8;8,117.18016442470253,spot,duration,launch,2,2,False
66001,124,102,138,14;10;10;8;8;8;8;7;7;8;7;7,185.5418500546366,duration,fair,launch,2,2,False
66001,125,99,141,16;11;8;8;7;7;8;8;7;8;6;5,216.77783733792603,fair,fair,launch,2,2,False
66001,126,94,146,16;10;7;6;7;7;7;6;8;7;6;7,220.5427523739636,ready,fair,launch,3,3,False
66001,127,88,152,8;8;8;8;8;8;8;8;7;8;4;5,137.62809515744448,spot,fair,launch,3,3,True
66001,128,101,139,14;12;8;8;8;8;8;6;8;8;7;6,269.027046315372,duration,reverse,launch,3,3,False
66001,129,97,143,14;12;9;6;8;7;7;8;6;6;8;6,250.4055001847446,fair,reverse,launch,5,3,False
66001,130,96,144,14;9;8;8;7;8;8;7;6;7;6;8,197.2825334444642,ready,reverse,launch,5,3,False
66001,131,88,152,9;8;8;7;7;9;7;7;7;7;6;6,129.12148732319474,spot,reverse,launch,5,3,False
66001,132,100,140,16;11;8;8;8;7;7;8;7;7;6;7,230.57880517467856,duration,duration,deadline,1,3,False
66001,133,100,140,16;11;8;7;7;8;8;7;8;7;6;7,206.10922784917057,fair,duration,deadline,1,5,False
66001,134,98,142,16;11;8;7;8;8;8;7;7;6;6;6,272.64484147168696,ready,duration,deadline,1,5,False
66001,135,95,145,9;9;9;9;7;7;7;7;8;9;7;7,124.81216394528747,spot,duration,deadline,2,5,False
66001,136,102,138,14;12;9;8;8;7;8;7;8;7;8;6,211.03985143266618,duration,fair,deadline,2,5,False
66001,137,98,142,13;10;8;8;7;8;8;8;7;7;7;7,251.27687266469002,fair,fair,deadline,2,5,False
66001,138,92,148,16;11;6;6;7;7;6;6;7;6;7;7,229.87874112278223,ready,fair,deadline,3,5,False
66001,139,84,156,8;8;7;7;7;7;6;8;6;6;7;7,122.04065031558275,spot,fair,deadline,3,5,False
66001,140,99,141,13;8;10;9;8;7;8;8;7;8;7;6,245.6905649062246,duration,reverse,deadline,3,1,False
66001,141,96,144,16;11;8;6;6;8;6;7;7;7;7;7,253.29324056394398,fair,reverse,deadline,5,1,False
66001,142,95,145,16;12;7;7;6;7;7;7;7;7;6;6,224.85254742205143,ready,reverse,deadline,5,1,False
66001,143,89,151,9;10;8;9;8;7;7;9;7;7;4;4,185.83694050088525,spot,reverse,deadline,5,1,True
66001,144,100,140,16;11;8;8;8;7;7;8;7;7;6;7,269.17216373607516,duration,duration,recovery,1,1,False
66001,145,99,141,16;11;8;7;6;8;8;7;7;7;6;8,250.21739359013736,fair,duration,recovery,1,1,False
66001,146,98,142,16;11;8;7;8;8;8;7;7;6;6;6,240.82330863550305,ready,duration,recovery,1,1,False
66001,147,86,154,8;8;8;7;6;6;6;7;7;8;7;8,76.419711522758,spot,duration,recovery,2,2,False
66001,148,101,139,13;13;9;8;8;7;7;7;7;8;7;7,247.14707860164344,duration,fair,recovery,2,2,False
66001,149,99,141,16;11;8;7;7;8;8;7;8;6;7;6,257.5116491727531,fair,fair,recovery,2,2,False
66001,150,94,146,16;11;7;6;6;7;7;6;6;6;8;8,226.96397309564054,ready,fair,recovery,3,2,False
66001,151,86,154,8;8;7;7;7;7;6;7;7;7;7;8,91.12774672359228,spot,fair,recovery,3,2,False
66001,152,101,139,16;11;8;8;8;8;7;8;7;6;7;7,267.8532998841256,duration,reverse,recovery,3,2,False
66001,153,99,141,16;11;8;7;7;8;7;7;8;8;6;6,253.59096502698958,fair,reverse,recovery,5,2,False
66001,154,91,149,13;9;7;8;8;7;7;7;6;7;6;6,191.97438953630626,ready,reverse,recovery,5,3,False
66001,155,90,150,9;10;9;6;7;7;7;7;7;7;7;7,143.611516950652,spot,reverse,recovery,5,3,False
66001,156,101,139,16;11;8;8;8;8;7;8;7;7;7;6,267.43773868121207,duration,duration,launch,1,3,False
66001,157,100,140,16;11;8;7;7;8;8;7;7;8;7;6,260.365974240005,fair,duration,launch,1,3,False
66001,158,96,144,16;11;8;7;8;7;6;7;7;6;6;7,245.90822625532746,ready,duration,launch,1,3,False
66001,159,89,151,8;8;7;7;7;7;7;7;8;8;8;7,141.83442380651832,spot,duration,launch,2,3,True
66001,160,101,139,16;12;8;8;8;7;8;6;7;8;8;5,265.1386237554252,duration,fair,launch,2,3,False
66001,161,101,139,14;10;11;7;6;8;7;8;8;7;7;8,234.4040676280856,fair,fair,launch,2,5,False
66001,162,98,142,16;11;7;8;6;6;8;7;8;7;7;7,247.05448205955327,ready,fair,launch,3,5,False
66001,163,88,152,8;9;7;7;6;8;8;6;7;8;7;7,119.8372771255672,spot,fair,launch,3,5,False
66001,164,101,139,14;13;8;8;8;8;7;8;7;6;8;6,267.3714612312615,duration,reverse,launch,3,5,False
66001,165,97,143,14;8;8;8;7;7;8;8;8;7;6;8,256.2835522033274,fair,reverse,launch,5,5,False
66001,166,98,142,13;12;8;8;7;8;7;6;8;6;8;7,249.02639433182776,ready,reverse,launch,5,5,False
66001,167,95,145,10;9;7;8;8;7;7;8;6;9;8;8,191.4037938322872,spot,reverse,launch,5,5,False
66001,168,100,140,16;11;8;8;8;7;7;8;7;7;6;7,263.20909122750163,duration,duration,deadline,1,1,False
66001,169,100,140,16;11;8;7;7;8;8;7;8;7;7;6,258.93725445121527,fair,duration,deadline,1,1,False
66001,170,98,142,16;11;8;7;8;8;8;7;7;6;6;6,267.6757650785148,ready,duration,deadline,1,1,False
66001,171,90,150,9;9;9;6;7;7;7;7;7;7;7;8,118.66106867045164,spot,duration,deadline,2,1,False
66001,172,103,137,16;11;8;8;8;7;8;7;8;8;7;7,275.29747799411416,duration,fair,deadline,2,1,False
66001,173,101,139,16;11;8;7;7;8;8;8;7;7;7;7,242.88451586849988,fair,fair,deadline,2,1,False
66001,174,99,141,16;11;8;6;8;7;7;8;7;6;7;8,275.80583644658327,ready,fair,deadline,3,1,False
66001,175,87,153,9;9;9;8;8;8;7;7;10;4;4;4,153.51101742871106,spot,fair,deadline,3,2,True
66001,176,103,137,16;11;8;8;8;8;7;8;7;8;7;7,259.01751635223627,duration,reverse,deadline,3,2,False
66001,177,98,142,15;13;8;6;6;8;7;7;8;7;6;7,244.94895987212658,fair,reverse,deadline,5,2,False
66001,178,96,144,13;10;7;8;7;8;7;8;7;7;6;8,231.1213431544602,ready,reverse,deadline,5,2,False
66001,179,92,148,9;11;7;8;7;7;7;7;7;7;7;8,174.68684540875256,spot,reverse,deadline,5,2,False
66001,180,100,140,16;11;8;8;8;7;7;8;7;7;6;7,268.89597479999065,duration,duration,recovery,1,2,False
66001,181,99,141,16;11;8;7;6;8;8;7;7;7;6;8,275.42562510445714,fair,duration,recovery,1,2,False
66001,182,98,142,16;11;8;7;8;8;8;7;7;6;6;6,253.87975990399718,ready,duration,recovery,1,3,False
66001,183,83,157,8;8;7;8;6;6;6;6;7;7;7;7,120.66893721371889,spot,duration,recovery,2,3,False
66001,184,100,140,16;11;8;8;7;7;8;7;8;7;6;7,265.68290273472667,duration,fair,recovery,2,3,False
66001,185,101,139,16;11;8;7;6;8;7;8;8;8;6;8,266.2040648125112,fair,fair,recovery,2,3,False
66001,186,94,146,14;9;8;7;7;6;8;6;8;8;6;7,236.5013777501881,ready,fair,recovery,3,3,False
66001,187,92,148,9;9;8;8;7;6;7;8;7;7;8;8,160.42379929311574,spot,fair,recovery,3,3,False
66001,188,101,139,16;11;8;8;8;7;8;6;8;7;8;6,275.8475919533521,duration,reverse,recovery,3,3,False
66001,189,93,147,13;12;9;7;6;7;8;6;6;7;6;6,258.5556658152491,fair,reverse,recovery,5,5,False
66001,190,95,145,13;9;8;8;7;7;7;7;7;8;7;7,252.59232933446765,ready,reverse,recovery,5,5,False
66001,191,90,150,8;7;8;7;8;9;8;8;8;8;5;6,203.6943030897528,spot,reverse,recovery,5,5,True
66001,192,101,139,16;11;8;8;8;8;7;8;7;7;7;6,277.01578644663095,duration,duration,launch,1,5,False
66001,193,100,140,16;11;8;7;7;8;8;7;7;8;7;6,294.2593921646476,fair,duration,launch,1,5,False
66001,194,96,144,16;11;8;7;8;7;6;7;7;6;6;7,256.39798204787076,ready,duration,launch,1,5,False
66001,195,92,148,9;10;8;7;8;6;6;7;7;7;8;9,186.22734236717224,spot,duration,launch,2,5,False
66001,196,102,138,16;10;9;8;8;8;7;6;7;8;7;8,270.36310332641006,duration,fair,launch,2,1,False
66001,197,100,140,14;10;10;7;8;7;8;8;7;8;6;7,257.0542411003262,fair,fair,launch,2,1,False
66001,198,96,144,14;10;8;7;7;7;6;7;7;8;7;8,253.37749287299812,ready,fair,launch,3,1,False
66001,199,88,152,8;8;8;6;7;7;7;8;8;7;7;7,177.27132831513882,spot,fair,launch,3,1,False
66001,200,101,139,16;11;8;8;7;8;7;8;8;7;7;6,276.3432109840214,duration,reverse,launch,3,1,False
66001,201,100,140,16;11;8;7;7;8;7;8;8;7;7;6,288.12554049119353,fair,reverse,launch,5,1,False
66001,202,97,143,16;11;8;7;8;8;6;6;7;6;7;7,265.5424136221409,ready,reverse,launch,5,1,False
66001,203,92,148,9;10;9;7;7;7;7;7;7;7;8;7,211.47264366410673,spot,reverse,launch,5,2,False
66001,204,100,140,16;11;8;8;8;7;7;8;7;7;6;7,272.68304277583957,duration,duration,deadline,1,2,False
66001,205,101,139,16;11;8;7;7;8;8;7;8;7;7;7,292.1794823408127,fair,duration,deadline,1,2,False
66001,206,98,142,16;11;8;7;8;8;8;7;7;6;6;6,266.8271725028753,ready,duration,deadline,1,2,False
66001,207,88,152,9;10;9;9;6;7;8;10;7;5;5;3,192.58757174387574,spot,duration,deadline,2,2,True
66001,208,101,139,16;11;8;8;8;8;7;7;7;6;8;7,281.504825130105,duration,fair,deadline,2,2,False
66001,209,101,139,16;11;8;7;7;8;8;8;7;7;6;8,242.3751858472824,fair,fair,deadline,2,2,False
66001,210,98,142,16;12;8;7;7;6;8;7;8;7;6;6,229.97561286762357,ready,fair,deadline,3,3,False
66001,211,85,155,8;8;8;7;6;7;6;7;7;8;7;6,165.31583847664297,spot,fair,deadline,3,3,False
66001,212,100,140,13;12;9;8;8;8;7;7;7;8;6;7,249.62568012438715,duration,reverse,deadline,3,3,False
66001,213,93,147,14;8;9;8;7;7;6;6;7;7;6;8,215.8918915875256,fair,reverse,deadline,5,3,False
66001,214,96,144,13;11;10;8;7;7;8;6;8;6;6;6,223.33909951895475,ready,reverse,deadline,5,3,False
66001,215,94,146,9;11;9;7;7;6;7;8;8;8;7;7,170.30065078288317,spot,reverse,deadline,5,3,False
66001,216,100,140,16;11;8;8;8;7;7;8;7;7;6;7,261.12144784256816,duration,duration,recovery,1,3,False
66001,217,100,140,16;11;8;7;6;8;8;7;7;7;7;8,287.54811207577586,fair,duration,recovery,1,5,False
66001,218,98,142,16;11;8;7;8;8;8;7;7;6;6;6,302.87658235803246,ready,duration,recovery,1,5,False
66001,219,84,156,8;8;7;6;6;6;7;8;7;6;7;8,141.22004963085055,spot,duration,recovery,2,5,False
66001,220,100,140,14;9;10;8;8;8;7;8;7;8;6;7,269.73115171305835,duration,fair,recovery,2,5,False
66001,221,100,140,16;11;8;7;6;8;7;8;8;7;7;7,255.37330056913197,fair,fair,recovery,2,5,False
66001,222,97,143,16;12;8;7;6;7;8;7;6;6;8;6,210.71802763268352,ready,fair,recovery,3,5,False
66001,223,89,151,8;8;7;8;7;9;7;8;8;8;8;3,149.18885729648173,spot,fair,recovery,3,5,True
66001,224,100,140,13;8;11;9;7;8;8;8;7;7;8;6,222.17246113345027,duration,reverse,recovery,3,1,False
66001,225,98,142,16;11;8;6;7;8;6;8;8;7;7;6,268.8212340492755,fair,reverse,recovery,5,1,False
66001,226,92,148,16;10;7;6;7;7;6;7;6;8;6;6,255.80277867801487,ready,reverse,recovery,5,1,False
66001,227,96,144,10;10;9;7;7;7;7;7;8;9;7;8,190.22013998404145,spot,reverse,recovery,5,1,False
66001,228,101,139,16;11;8;8;8;8;7;8;7;7;7;6,264.9928859639913,duration,duration,launch,1,1,False
66001,229,100,140,16;11;8;7;7;8;8;7;7;8;7;6,283.3478928208351,fair,duration,launch,1,1,False
66001,230,96,144,16;11;8;7;8;7;6;7;7;6;6;7,301.95409455522895,ready,duration,launch,1,1,False
66001,231,97,143,9;10;9;7;7;7;8;8;8;8;8;8,198.17936823144555,spot,duration,launch,2,2,False
66001,232,98,142,14;9;8;9;8;7;8;7;8;7;6;7,299.5331564322114,duration,fair,launch,2,2,False
66001,233,101,139,16;11;8;7;6;8;8;8;7;7;8;7,298.91158685833216,fair,fair,launch,2,2,False
66001,234,97,143,16;11;7;8;6;6;7;8;6;7;8;7,241.79608791321516,ready,fair,launch,3,2,False
66001,235,87,153,8;8;8;8;7;8;7;7;6;7;6;7,146.76768841408193,spot,fair,launch,3,2,False
66001,236,101,139,16;11;8;8;8;8;7;8;6;7;6;8,259.9576161559671,duration,reverse,launch,3,2,False
66001,237,95,145,13;9;11;7;7;8;7;8;6;6;7;6,255.67237655073404,fair,reverse,launch,5,2,False
66001,238,96,144,12;9;7;9;8;8;8;8;6;7;7;7,256.36464498750865,ready,reverse,launch,5,3,False
66001,239,90,150,9;8;8;8;9;7;8;8;8;7;5;5,197.06326274387538,spot,reverse,launch,5,3,True
66001,240,100,140,16;11;8;8;8;7;7;8;7;7;6;7,324.27792666852474,duration,duration,deadline,1,3,False
66001,241,100,140,16;11;8;7;7;8;8;7;8;7;7;6,310.54153219237924,fair,duration,deadline,1,3,False
66001,242,98,142,16;11;8;7;8;8;8;7;7;6;6;6,272.8096690401435,ready,duration,deadline,1,3,False
66001,243,81,159,8;8;7;6;6;7;7;6;6;7;6;7,98.93650504946709,spot,duration,deadline,2,3,False
66001,244,104,136,14;10;10;8;8;8;8;7;8;8;8;7,285.87269728817046,duration,fair,deadline,2,3,False
66001,245,98,142,14;8;10;8;6;8;7;8;8;7;7;7,218.56668988242745,fair,fair,deadline,2,5,False
66001,246,96,144,16;12;7;8;6;6;6;8;8;6;7;6,281.63717933371663,ready,fair,deadline,3,5,False
66001,247,83,157,8;8;8;7;6;6;6;8;7;6;7;6,109.63418271020055,spot,fair,deadline,3,5,False
66001,248,99,141,13;9;8;9;8;7;8;8;7;7;8;7,208.75175462290645,duration,reverse,deadline,3,5,False
66001,249,100,140,16;12;8;6;9;7;8;7;6;7;6;8,288.48414948396385,fair,reverse,deadline,5,5,False
66001,250,97,143,16;11;8;7;7;6;6;8;7;6;7;8,302.5432766266167,ready,reverse,deadline,5,5,False
66001,251,90,150,9;10;9;7;8;7;6;8;6;6;6;8,147.2829582002014,spot,reverse,deadline,5,5,False
66001,252,100,140,16;11;8;8;8;7;7;8;7;7;6;7,293.8085904773325,duration,duration,recovery,1,1,False
66001,253,99,141,16;11;8;7;6;8;8;7;7;7;6;8,302.3507670164108,fair,duration,recovery,1,1,False
66001,254,98,142,16;11;8;7;8;8;8;7;7;6;6;6,305.99107692949474,ready,duration,recovery,1,1,False
66001,255,91,149,8;8;8;7;7;8;8;8;7;8;8;6,127.1901097074151,spot,duration,recovery,2,1,True
66002,0,101,139,16;11;8;8;8;7;7;8;7;7;6;8,252.61528737470508,duration,duration,recovery,1,1,False
66002,1,100,140,16;11;8;7;6;8;8;7;8;7;6;8,292.64919839426875,fair,duration,recovery,1,1,False
66002,2,97,143,16;11;7;6;7;6;8;7;8;7;7;7,261.87923156283796,ready,duration,recovery,1,1,False
66002,3,92,148,9;9;9;7;8;6;7;7;7;7;8;8,127.04583343304694,spot,duration,recovery,2,1,False
66002,4,101,139,16;12;8;8;7;8;7;8;7;7;6;7,280.6356705930084,duration,fair,recovery,2,1,False
66002,5,98,142,16;12;8;7;6;8;7;7;8;7;6;6,311.10971400886774,fair,fair,recovery,2,1,False
66002,6,95,145,16;11;7;8;7;7;6;7;7;7;6;6,281.6689759027213,ready,fair,recovery,3,1,False
66002,7,91,149,10;10;9;7;6;6;7;7;8;7;8;6,178.45555252209306,spot,fair,recovery,3,2,False
66002,8,101,139,16;12;8;8;7;8;7;8;7;6;6;8,302.30462018214166,duration,reverse,recovery,3,2,False
66002,9,94,146,14;9;8;7;6;7;7;8;7;7;6;8,262.7771926485002,fair,reverse,recovery,5,2,False
66002,10,95,145,16;12;8;7;8;6;6;6;7;6;6;7,306.4419552050531,ready,reverse,recovery,5,2,False
66002,11,87,153,8;8;8;6;7;6;8;7;7;7;8;7,110.20744656957686,spot,reverse,recovery,5,2,False
66002,12,100,140,16;11;8;8;7;8;8;7;7;7;7;6,304.3405894674361,duration,duration,launch,1,2,False
66002,13,100,140,16;11;8;7;7;8;8;7;7;8;7;6,287.23278813809156,fair,duration,launch,1,2,False
66002,14,99,141,16;11;8;7;8;7;7;8;7;7;7;6,305.224782763049,ready,duration,launch,1,3,False
66002,15,89,151,9;8;8;9;9;6;8;7;9;8;4;4,201.41932938434184,spot,duration,launch,2,3,True
66002,16,101,139,16;11;8;8;8;8;8;7;8;7;6;6,320.89146671257913,duration,fair,launch,2,3,False
66002,17,99,141,16;10;8;7;7;8;8;7;8;7;7;6,262.47202287241817,fair,fair,launch,2,3,False
66002,18,94,146,16;10;8;8;6;7;7;6;7;6;7;6,291.40071294642985,ready,fair,launch,3,3,False
66002,19,93,147,9;9;9;7;8;7;8;8;7;6;7;8,249.16005182638764,spot,fair,launch,3,3,False
66002,20,101,139,13;10;10;8;8;8;8;7;7;8;7;7,287.9413574114442,duration,reverse,launch,3,3,False
66002,21,98,142,16;11;9;6;7;8;8;7;7;7;6;6,311.55767332948744,fair,reverse,launch,5,5,False
66002,22,99,141,16;11;7;8;8;8;6;8;6;7;6;8,317.5786726344377,ready,reverse,launch,5,5,False
66002,23,92,148,9;10;9;7;7;6;7;7;8;8;7;7,143.6552519723773,spot,reverse,launch,5,5,False
66002,24,101,139,16;11;8;8;8;7;7;8;7;7;6;8,300.5494224894792,duration,duration,deadline,1,5,False
66002,25,99,141,16;11;8;7;7;8;8;7;6;8;7;6,318.03911878168583,fair,duration,deadline,1,5,False
66002,26,97,143,16;11;7;6;7;6;8;7;8;7;7;7,300.1647283118218,ready,duration,deadline,1,5,False
66002,27,94,146,9;10;10;7;8;8;6;6;8;8;8;6,201.15328712575138,spot,duration,deadline,2,5,False
66002,28,100,140,13;10;8;8;8;8;8;7;8;8;7;7,265.1229819394648,duration,fair,deadline,2,1,False
66002,29,100,140,16;11;8;6;7;8;7;7;8;8;7;7,302.33635591343045,fair,fair,deadline,2,1,False
66002,30,94,146,13;12;8;7;8;6;7;7;6;6;8;6,298.60278015211225,ready,fair,deadline,3,1,False
66002,31,91,149,9;9;10;9;7;7;9;8;8;5;5;5,255.97872743941844,spot,fair,deadline,3,1,True
66002,32,97,143,13;10;8;8;6;8;8;7;8;7;8;6,253.0159645192325,duration,reverse,deadline,3,1,False
66002,33,98,142,16;11;8;7;7;8;7;7;6;8;7;6,260.88315577432513,fair,reverse,deadline,5,1,False
66002,34,97,143,16;11;7;7;7;8;6;8;6;8;7;6,301.32495900057256,ready,reverse,deadline,5,1,False
66002,35,93,147,10;10;9;7;7;8;7;8;8;7;6;6,268.5322434492409,spot,reverse,deadline,5,2,False
66002,36,101,139,16;11;8;8;8;7;7;8;7;7;6;8,315.1589973755181,duration,duration,recovery,1,2,False
66002,37,100,140,16;11;8;7;6;8;8;7;8;7;6;8,305.6427484098822,fair,duration,recovery,1,2,False
66002,38,97,143,16;11;7;6;7;6;8;7;8;7;7;7,316.3240724224597,ready,duration,recovery,1,2,False
66002,39,83,157,8;8;8;7;6;6;7;7;7;7;6;6,151.71471877768636,spot,duration,recovery,2,2,False
66002,40,101,139,16;11;8;8;8;8;7;7;7;7;7;7,329.60528805851936,duration,fair,recovery,2,2,False
66002,41,101,139,16;11;8;7;7;8;8;8;7;8;7;6,327.56897168792784,fair,fair,recovery,2,2,False
66002,42,91,149,16;11;6;6;8;7;6;7;6;6;6;6,272.867794085294,ready,fair,recovery,3,3,False
66002,43,85,155,8;8;8;6;6;6;7;7;8;7;7;7,150.9817969892174,spot,fair,recovery,3,3,False
66002,44,102,138,16;11;8;8;8;7;7;8;7;8;8;6,321.31203924305737,duration,reverse,recovery,3,3,False
66002,45,97,143,16;11;8;7;7;8;8;7;7;6;6;6,285.08248622715473,fair,reverse,recovery,5,3,False
66002,46,96,144,16;11;7;8;6;8;7;8;6;6;6;7,301.3860330954194,ready,reverse,recovery,5,3,False
66002,47,89,151,9;7;8;8;8;7;8;8;8;9;4;5,246.90466347150505,spot,reverse,recovery,5,3,True
66002,48,100,140,16;11;8;8;7;8;8;7;7;7;7;6,314.62383121065795,duration,duration,launch,1,3,False
66002,49,100,140,16;11;8;7;7;8;8;7;7;8;7;6,319.0813841111958,fair,duration,launch,1,5,False
66002,50,99,141,16;11;8;7;8;7;7;8;7;7;7;6,332.8827714379877,ready,duration,launch,1,5,False
66002,51,87,153,8;9;8;7;7;6;7;7;7;6;7;8,220.06105632707477,spot,duration,launch,2,5,False
66002,52,101,139,14;12;9;8;7;8;7;8;8;7;6;7,320.05786402337253,duration,fair,launch,2,5,False
66002,53,100,140,16;12;8;7;7;8;7;7;7;6;8;7,314.48255748674273,fair,fair,launch,2,5,False
66002,54,100,140,14;13;8;7;8;7;7;6;8;8;7;7,315.09170220419765,ready,fair,launch,3,5,False
66002,55,92,148,9;10;8;7;7;7;8;8;6;7;7;8,232.91849229298532,spot,fair,launch,3,5,False
66002,56,101,139,16;11;8;8;8;8;8;6;7;8;7;6,315.3532785754651,duration,reverse,launch,3,1,False
66002,57,97,143,16;12;8;6;8;6;8;7;7;7;6;6,335.0527575686574,fair,reverse,launch,5,1,False
66002,58,98,142,14;10;7;7;8;8;8;8;6;8;8;6,303.0842175576836,ready,reverse,launch,5,1,False
66002,59,87,153,9;8;7;6;7;7;7;7;7;7;8;7,199.35828883759677,spot,reverse,launch,5,1,False
66002,60,101,139,16;11;8;8;8;7;7;8;7;7;6;8,309.379715366289,duration,duration,deadline,1,1,False
66002,61,100,140,16;11;8;7;7;8;8;7;6;8;6;8,323.5484083555639,fair,duration,deadline,1,1,False
66002,62,97,143,16;11;7;6;7;6;8;7;8;7;7;7,298.7879761029035,ready,duration,deadline,1,1,False
66002,63,89,151,9;9;9;8;8;7;8;7;8;7;6;3,241.18560741655529,spot,duration,deadline,2,2,True
66002,64,102,138,16;11;8;8;8;8;7;8;8;7;6;7,322.64788634330034,duration,fair,deadline,2,2,False
66002,65,101,139,16;11;8;7;6;8;7;7;8;8;7;8,300.84678164310753,fair,fair,deadline,2,2,False
66002,66,92,148,13;9;10;7;7;7;8;6;7;6;6;6,285.51043350994587,ready,fair,deadline,3,2,False
66002,67,82,158,8;8;8;6;6;7;6;6;7;6;7;7,193.71732206828892,spot,fair,deadline,3,2,False
66002,68,101,139,16;11;8;8;8;8;7;6;8;7;7;7,308.45042284578085,duration,reverse,deadline,3,2,False
66002,69,97,143,16;12;8;7;8;7;7;6;8;6;6;6,318.7768084499985,fair,reverse,deadline,5,2,False
66002,70,92,148,14;9;8;6;7;7;7;7;6;6;7;8,285.21078323200345,ready,reverse,deadline,5,3,False
66002,71,91,149,9;9;9;7;6;7;7;8;7;8;7;7,224.30964252352715,spot,reverse,deadline,5,3,False
66002,72,101,139,16;11;8;8;8;7;7;8;7;7;6;8,273.71694951877,duration,duration,recovery,1,3,False
66002,73,101,139,16;11;8;7;6;8;8;7;8;7;7;8,309.508842099458,fair,duration,recovery,1,3,False
66002,74,97,143,16;11;7;6;7;6;8;7;8;7;7;7,329.6290530730039,ready,duration,recovery,1,3,False
66002,75,85,155,8;7;7;7;7;7;7;7;7;7;7;7,182.58846731111407,spot,duration,recovery,2,3,False
66002,76,102,138,16;11;8;8;8;8;7;7;8;7;6;8,304.441639252007,duration,fair,recovery,2,3,False
66002,77,98,142,16;11;8;7;6;8;7;7;7;7;6;8,317.92945436760783,fair,fair,recovery,2,5,False
66002,78,92,148,13;11;8;7;7;7;6;6;7;6;6;8,258.72050822898746,ready,fair,recovery,3,5,False
66002,79,89,151,9;10;8;8;8;8;7;8;8;6;4;5,220.0865871682763,spot,fair,recovery,3,5,True
66002,80,101,139,16;11;8;8;8;7;8;8;8;6;6;7,328.24173783138394,duration,reverse,recovery,3,5,False
66002,81,93,147,14;8;8;8;7;7;8;6;7;7;7;6,293.3707545232028,fair,reverse,recovery,5,5,False
66002,82,96,144,16;12;8;7;8;7;7;7;6;6;6;6,287.4785431884229,ready,reverse,recovery,5,5,False
66002,83,89,151,10;9;8;6;6;7;6;6;7;8;7;9,201.36498430371284,spot,reverse,recovery,5,5,False
66002,84,100,140,16;11;8;8;7;8;8;7;7;7;7;6,314.1015235260129,duration,duration,launch,1,1,False
66002,85,100,140,16;11;8;7;7;8;8;7;7;8;7;6,288.33373099565506,fair,duration,launch,1,1,False
66002,86,99,141,16;11;8;7;8;7;7;8;7;7;7;6,325.0920422207564,ready,duration,launch,1,1,False
66002,87,85,155,8;8;8;6;7;6;7;7;7;7;7;7,157.00574962049723,spot,duration,launch,2,1,False
66002,88,101,139,14;10;10;8;8;7;8;8;8;7;6;7,264.6114737279713,duration,fair,launch,2,1,False
66002,89,97,143,13;9;8;8;7;8;8;8;7;8;7;6,290.08510309271514,fair,fair,launch,2,1,False
66002,90,98,142,16;12;7;7;7;8;7;6;8;7;6;7,295.07428937777877,ready,fair,launch,3,1,False
66002,91,96,144,9;10;10;7;8;8;7;8;7;8;7;7,238.11682206392288,spot,fair,launch,3,2,False
66002,92,99,141,16;12;8;8;8;8;8;7;6;6;6;6,325.4360553510487,duration,reverse,launch,3,2,False
66002,93,98,142,16;11;8;8;7;8;6;6;7;6;7;8,284.01034046150744,fair,reverse,launch,5,2,False
66002,94,95,145,16;12;6;7;7;6;8;6;7;6;7;7,248.04957379959524,ready,reverse,launch,5,2,False
66002,95,87,153,11;10;8;8;7;9;10;7;4;5;4;4,229.62558471783996,spot,reverse,launch,5,2,True
66002,96,101,139,16;11;8;8;8;7;7;8;7;7;6;8,292.8381414189935,duration,duration,deadline,1,2,False
66002,97,99,141,16;11;8;7;7;8;8;7;6;8;6;7,301.2193173933774,fair,duration,deadline,1,2,False
66002,98,97,143,16;11;7;6;7;6;8;7;8;7;7;7,255.60135579295456,ready,duration,deadline,1,3,False
66002,99,86,154,8;8;8;6;7;7;7;7;7;8;7;6,149.3007503207773,spot,duration,deadline,2,3,False
66002,100,102,138,16;12;8;8;7;8;8;7;8;8;6;6,268.17971376515925,duration,fair,deadline,2,3,False
66002,101,100,140,16;11;8;7;7;8;8;7;8;8;6;6,265.8790854290128,fair,fair,deadline,2,3,False
66002,102,97,143,16;11;7;7;6;7;8;8;7;6;6;8,228.77543045580387,ready,fair,deadline,3,3,False
66002,103,83,157,8;8;8;6;8;6;6;7;7;6;6;7,131.5112969763577,spot,fair,deadline,3,3,False
66002,104,101,139,16;12;9;8;7;8;8;7;7;6;7;6,255.30618315003812,duration,reverse,deadline,3,3,False
66002,105,94,146,13;9;8;8;7;8;8;7;7;6;7;6,251.7080536223948,fair,reverse,deadline,5,5,False
66002,106,93,147,13;9;7;9;8;6;6;7;8;7;7;6,235.16907955147326,ready,reverse,deadline,5,5,False
66002,107,92,148,10;9;8;6;7;7;6;7;8;7;8;9,153.38810332491994,spot,reverse,deadline,5,5,False
66002,108,101,139,16;11;8;8;8;7;7;8;7;7;6;8,273.8539425358176,duration,duration,recovery,1,5,False
66002,109,100,140,16;11;8;7;6;8;8;7;8;7;6;8,266.9055417161435,fair,duration,recovery,1,5,False
66002,110,97,143,16;11;7;6;7;6;8;7;8;7;7;7,262.4490638934076,ready,duration,recovery,1,5,False
66002,111,87,153,9;9;11;7;8;7;7;9;7;4;5;4,199.89650953561068,spot,duration,recovery,2,5,True
66002,112,103,137,14;12;9;8;8;8;7;8;6;8;8;7,265.76335800252855,duration,fair,recovery,2,1,False
66002,113,100,140,16;11;8;6;6;8;7;7;8;8;7;8,270.58514842391014,fair,fair,recovery,2,1,False
66002,114,95,145,16;11;8;6;7;7;7;6;8;7;6;6,257.8539074715227,ready,fair,recovery,3,1,False
66002,115,87,153,9;9;9;7;7;6;6;6;7;8;6;7,157.39812303707004,spot,fair,recovery,3,1,False
66002,116,100,140,16;11;8;8;8;8;7;7;8;6;7;6,265.4813631866127,duration,reverse,recovery,3,1,False
66002,117,95,145,14;8;8;8;8;6;7;7;7;7;8;7,225.78694945201278,fair,reverse,recovery,5,1,False
66002,118,92,148,16;11;8;7;6;7;6;6;6;7;6;6,244.1561954524368,ready,reverse,recovery,5,1,False
66002,119,82,158,8;8;8;6;6;6;6;6;7;7;7;7,132.60346089303493,spot,reverse,recovery,5,2,False
66002,120,100,140,16;11;8;8;7;8;8;7;7;7;7;6,246.97093275934458,duration,duration,launch,1,2,False
66002,121,100,140,16;11;8;7;7;8;8;7;7;8;7;6,286.8553075492382,fair,duration,launch,1,2,False
66002,122,99,141,16;11;8;7;8;7;7;8;7;7;7;6,268.40505554527044,ready,duration,launch,1,2,False
66002,123,82,158,8;8;7;6;6;6;6;6;7;7;7;8,128.38074236549437,spot,duration,launch,2,2,False
66002,124,101,139,16;11;8;8;8;8;7;7;7;8;7;6,259.49703437276185,duration,fair,launch,2,2,False
66002,125,99,141,16;11;8;7;6;8;8;7;8;6;6;8,257.1570273730904,fair,fair,launch,2,2,False
66002,126,98,142,14;13;8;8;8;8;7;6;6;6;7;7,268.04898559115827,ready,fair,launch,3,3,False
66002,127,87,153,8;8;8;7;8;7;8;6;9;9;5;4,174.54612955451012,spot,fair,launch,3,3,True
66002,128,99,141,16;11;9;8;8;7;7;7;7;7;6;6,247.04898014105856,duration,reverse,launch,3,3,False
66002,129,95,145,13;10;8;8;6;8;7;6;8;8;7;6,224.15387885458767,fair,reverse,launch,5,3,False
66002,130,98,142,16;11;8;7;7;7;7;7;7;7;8;6,262.508797172457,ready,reverse,launch,5,3,False
66002,131,93,147,10;9;9;7;6;7;8;7;8;7;8;7,204.7183412387967,spot,reverse,launch,5,3,False
66002,132,101,139,16;11;8;8;8;7;7;8;7;7;6;8,248.73010314255953,duration,duration,deadline,1,3,False
66002,133,99,141,16;11;8;7;7;8;8;7;6;8;7;6,255.68386575207114,fair,duration,deadline,1,5,False
66002,134,97,143,16;11;7;6;7;6;8;7;8;7;7;7,231.68212871998549,ready,duration,deadline,1,5,False
66002,135,91,149,9;9;9;7;7;7;7;7;7;8;6;8,156.0210282895714,spot,duration,deadline,2,5,False
66002,136,101,139,16;12;8;8;8;8;7;6;8;8;6;6,256.3166245035827,duration,fair,deadline,2,5,False
66002,137,99,141,14;12;8;7;6;8;8;7;8;8;6;7,259.54791885614395,fair,fair,deadline,2,5,False
66002,138,95,145,14;9;7;8;8;6;7;8;7;6;8;7,210.3209433145821,ready,fair,deadline,3,5,False
66002,139,92,148,9;11;8;7;7;6;7;7;7;8;8;7,157.62786132469773,spot,fair,deadline,3,5,False
66002,140,102,138,16;11;8;8;8;7;7;8;7;8;7;7,261.87036921828985,duration,reverse,deadline,3,1,False
66002,141,99,141,16;11;8;7;7;8;8;6;7;7;7;7,238.10708105377853,fair,reverse,deadline,5,1,False
66002,142,95,145,16;11;7;7;7;7;8;6;7;7;6;6,243.95182969979942,ready,reverse,deadline,5,1,False
66002,143,88,152,8;8;7;8;7;7;8;7;9;8;6;5,174.45351086556911,spot,reverse,deadline,5,1,True
66002,144,101,139,16;11;8;8;8;7;7;8;7;7;6;8,264.5390707552433,duration,duration,recovery,1,1,False
66002,145,100,140,16;11;8;7;6;8;8;7;8;7;6;8,253.64766220003366,fair,duration,recovery,1,1,False
66002,146,97,143,16;11;7;6;7;6;8;7;8;7;7;7,239.67883432283998,ready,duration,recovery,1,1,False
66002,147,88,152,9;10;8;8;7;6;6;6;7;7;7;7,164.76996112056077,spot,duration,recovery,2,2,False
66002,148,99,141,16;11;8;8;8;7;8;7;6;7;7;6,223.52756185270846,duration,fair,recovery,2,2,False
66002,149,101,139,14;13;8;7;6;8;8;6;8;8;7;8,225.86000266298652,fair,fair,recovery,2,2,False
66002,150,96,144,14;11;8;7;6;8;7;7;8;6;6;8,234.90688577853143,ready,fair,recovery,3,2,False
66002,151,91,149,9;9;9;8;7;7;7;6;7;7;7;8,175.97704069688916,spot,fair,recovery,3,2,False
66002,152,102,138,14;10;10;9;8;8;8;8;6;6;8;7,234.76796626858413,duration,reverse,recovery,3,2,False
66002,153,98,142,16;11;8;8;6;7;6;8;7;7;7;7,237.68030375801027,fair,reverse,recovery,5,2,False
66002,154,92,148,16;11;7;7;7;7;6;7;6;6;6;6,212.26657314412296,ready,reverse,recovery,5,3,False
66002,155,91,149,9;10;7;7;7;7;7;8;7;7;7;8,162.79556498117745,spot,reverse,recovery,5,3,False
66002,156,100,140,16;11;8;8;7;8;8;7;7;7;7;6,223.96720738708973,duration,duration,launch,1,3,False
66002,157,100,140,16;11;8;7;7;8;8;7;7;8;7;6,229.51266876608133,fair,duration,launch,1,3,False
66002,158,99,141,16;11;8;7;8;7;7;8;7;7;7;6,253.1092500835657,ready,duration,launch,1,3,False
66002,159,86,154,9;9;10;7;8;8;8;8;8;4;4;3,196.1209634859115,spot,duration,launch,2,3,True
66002,160,103,137,13;10;11;8;8;8;7;8;7;8;7;8,218.2020332943648,duration,fair,launch,2,3,False
66002,161,100,140,16;11;8;7;7;8;7;8;7;8;7;6,222.68196144886315,fair,fair,launch,2,5,False
66002,162,100,140,16;11;8;7;8;8;7;8;6;6;8;7,223.32020641863346,ready,fair,launch,3,5,False
66002,163,93,147,9;9;10;7;6;7;8;8;8;8;6;7,171.9603818319738,spot,fair,launch,3,5,False
66002,164,101,139,16;12;8;8;8;7;8;8;6;6;7;7,223.71100171096623,duration,reverse,launch,3,5,False
66002,165,100,140,16;12;8;7;8;7;6;8;6;7;7;8,252.42758725583553,fair,reverse,launch,5,5,False
66002,166,99,141,14;12;8;8;7;8;7;7;8;7;7;6,203.48979453742504,ready,reverse,launch,5,5,False
66002,167,94,146,9;9;10;6;8;6;8;7;7;9;8;7,181.00596148706973,spot,reverse,launch,5,5,False
66002,168,101,139,16;11;8;8;8;7;7;8;7;7;6;8,237.25009866058826,duration,duration,deadline,1,1,False
66002,169,100,140,16;11;8;7;7;8;8;7;6;8;6;8,231.49446497112513,fair,duration,deadline,1,1,False
66002,170,97,143,16;11;7;6;7;6;8;7;8;7;7;7,193.36614340171218,ready,duration,deadline,1,1,False
66002,171,91,149,9;9;9;7;7;7;6;7;8;7;7;8,143.0938593391329,spot,duration,deadline,2,1,False
66002,172,103,137,16;12;8;8;8;7;8;8;6;8;7;7,220.1929571274668,duration,fair,deadline,2,1,False
66002,173,100,140,13;13;8;8;7;8;8;7;8;8;6;6,214.49367124028504,fair,fair,deadline,2,1,False
66002,174,97,143,16;11;8;7;7;7;7;6;6;8;6;8,212.3032492529601,ready,fair,deadline,3,1,False
66002,175,87,153,9;9;9;8;9;7;7;10;7;4;3;5,177.76251406781375,spot,fair,deadline,3,2,True
66002,176,101,139,16;12;8;8;8;8;8;6;6;8;7;6,233.04645073600113,duration,reverse,deadline,3,2,False
66002,177,99,141,16;10;8;7;7;8;7;8;7;7;7;7,220.03598550893366,fair,reverse,deadline,5,2,False
66002,178,92,148,13;13;7;8;6;7;6;7;7;6;6;6,170.41754910349846,ready,reverse,deadline,5,2,False
66002,179,91,149,9;10;9;8;7;7;7;7;6;7;6;8,165.0368045065552,spot,reverse,deadline,5,2,False
66002,180,101,139,16;11;8;8;8;7;7;8;7;7;6;8,220.8788335826248,duration,duration,recovery,1,2,False
66002,181,99,141,16;11;8;7;6;8;8;7;8;7;6;7,185.32584170997143,fair,duration,recovery,1,2,False
66002,182,97,143,16;11;7;6;7;6;8;7;8;7;7;7,205.66069457679987,ready,duration,recovery,1,3,False
66002,183,93,147,9;9;8;7;7;7;8;7;8;7;8;8,131.10242190025747,spot,duration,recovery,2,3,False
66002,184,99,141,13;9;8;8;8;8;8;6;8;8;7;8,159.62892897054553,duration,fair,recovery,2,3,False
66002,185,101,139,13;13;8;8;6;8;8;8;8;8;6;7,194.0496025979519,fair,fair,recovery,2,3,False
66002,186,93,147,16;11;7;7;8;6;6;6;8;6;6;6,180.22948173061013,ready,fair,recovery,3,3,False
66002,187,84,156,8;8;8;6;6;8;7;6;6;7;7;7,135.17036114819348,spot,fair,recovery,3,3,False
66002,188,102,138,16;11;8;8;7;8;7;8;8;7;6;8,188.87721309438348,duration,reverse,recovery,3,3,False
66002,189,99,141,16;11;8;7;7;7;6;8;7;8;7;7,190.93265538662672,fair,reverse,recovery,5,5,False
66002,190,93,147,13;10;7;8;7;8;7;6;6;6;7;8,162.02084864117205,ready,reverse,recovery,5,5,False
66002,191,90,150,9;8;9;7;7;8;9;8;8;6;6;5,152.23292492702603,spot,reverse,recovery,5,5,True
66002,192,100,140,16;11;8;8;7;8;8;7;7;7;7;6,173.16075672581792,duration,duration,launch,1,5,False
66002,193,100,140,16;11;8;7;7;8;8;7;7;8;7;6,179.66338261030614,fair,duration,launch,1,5,False
66002,194,99,141,16;11;8;7;8;7;7;8;7;7;7;6,173.11546398885548,ready,duration,launch,1,5,False
66002,195,94,146,9;10;9;8;6;8;8;8;7;7;7;7,130.99035577103496,spot,duration,launch,2,5,False
66002,196,102,138,16;11;8;8;8;7;7;8;7;7;7;8,204.97855572775006,duration,fair,launch,2,1,False
66002,197,98,142,13;9;8;6;7;8;8;8;8;7;8;8,171.39314467087388,fair,fair,launch,2,1,False
66002,198,94,146,13;10;8;7;6;6;8;7;8;7;7;7,188.25734640657902,ready,fair,launch,3,1,False
66002,199,86,154,8;8;8;7;7;7;8;6;7;7;7;6,114.90909338928759,spot,fair,launch,3,1,False
66002,200,102,138,16;11;9;8;8;7;8;8;8;6;6;7,177.64991664141417,duration,reverse,launch,3,1,False
66002,201,96,144,16;11;9;7;7;7;7;8;6;6;6;6,158.62026035226882,fair,reverse,launch,5,1,False
66002,202,99,141,16;11;7;8;7;7;8;7;8;6;8;6,177.2465176396072,ready,reverse,launch,5,1,False
66002,203,95,145,9;10;10;6;8;7;7;7;8;9;6;8,137.95887369662523,spot,reverse,launch,5,2,False
66002,204,101,139,16;11;8;8;8;7;7;8;7;7;6;8,173.06675711274147,duration,duration,deadline,1,2,False
66002,205,100,140,16;11;8;7;7;8;8;7;6;8;6;8,179.46119350381196,fair,duration,deadline,1,2,False
66002,206,97,143,16;11;7;6;7;6;8;7;8;7;7;7,165.18776088021696,ready,duration,deadline,1,2,False
66002,207,88,152,8;8;8;7;7;7;7;8;8;9;7;4,116.8706044331193,spot,duration,deadline,2,2,True
66002,208,102,138,16;11;8;8;8;8;7;8;7;8;6;7,181.5953423436731,duration,fair,deadline,2,2,False
66002,209,100,140,16;11;8;8;6;8;7;7;8;8;7;6,153.5517415534705,fair,fair,deadline,2,2,False
66002,210,97,143,16;11;8;7;7;6;7;7;7;7;6;8,152.5876586548984,ready,fair,deadline,3,3,False
66002,211,80,160,8;8;7;6;6;7;6;7;6;7;6;6,88.5452874880284,spot,fair,deadline,3,3,False
66002,212,99,141,14;9;10;8;8;8;8;6;7;8;7;6,161.47154057212174,duration,reverse,deadline,3,3,False
66002,213,97,143,12;13;9;7;6;7;7;7;8;7;7;7,152.37017152830958,fair,reverse,deadline,5,3,False
66002,214,92,148,16;11;8;6;6;6;6;6;8;6;7;6,140.4004523716867,ready,reverse,deadline,5,3,False
66002,215,92,148,9;10;8;8;7;6;7;6;7;8;8;8,104.31366650946438,spot,reverse,deadline,5,3,False
66002,216,101,139,16;11;8;8;8;7;7;8;7;7;6;8,156.01729962788522,duration,duration,recovery,1,3,False
66002,217,101,139,16;11;8;7;6;8;8;7;8;7;7;8,150.03951467946172,fair,duration,recovery,1,5,False
66002,218,97,143,16;11;7;6;7;6;8;7;8;7;7;7,133.25243974663317,ready,duration,recovery,1,5,False
66002,219,87,153,8;8;8;7;6;7;7;7;8;7;7;7,95.38429658487439,spot,duration,recovery,2,5,False
66002,220,101,139,13;13;9;8;8;8;7;8;6;8;7;6,154.51928122341633,duration,fair,recovery,2,5,False
66002,221,99,141,14;12;8;8;6;8;7;8;8;7;7;6,146.28970392793417,fair,fair,recovery,2,5,False
66002,222,97,143,16;11;8;8;7;6;6;6;8;6;7;8,141.38462205976248,ready,fair,recovery,3,5,False
66002,223,88,152,8;8;7;8;9;7;8;9;7;8;5;4,118.52905600145459,spot,fair,recovery,3,5,True
66002,224,101,139,14;9;10;8;8;8;7;7;8;8;7;7,143.74522095359862,duration,reverse,recovery,3,1,False
66002,225,95,145,16;11;8;7;7;6;7;6;6;8;6;7,137.83659281022847,fair,reverse,recovery,5,1,False
66002,226,97,143,16;12;8;6;6;8;7;6;8;6;7;7,155.01068656891584,ready,reverse,recovery,5,1,False
66002,227,87,153,8;8;7;7;7;8;6;7;7;7;7;8,89.44335247203708,spot,reverse,recovery,5,1,False
66002,228,100,140,16;11;8;8;7;8;8;7;7;7;7;6,181.64295269921422,duration,duration,launch,1,1,False
66002,229,100,140,16;11;8;7;7;8;8;7;7;8;7;6,153.2603717930615,fair,duration,launch,1,1,False
66002,230,99,141,16;11;8;7;8;7;7;8;7;7;7;6,162.94908710755408,ready,duration,launch,1,1,False
66002,231,84,156,8;8;7;7;6;7;7;7;7;7;6;7,81.5929394569248,spot,duration,launch,2,2,False
66002,232,100,140,13;10;8;8;8;8;8;7;7;8;7;8,133.8239463623613,duration,fair,launch,2,2,False
66002,233,101,139,14;10;10;7;6;8;8;8;7;8;7;8,119.96049599349499,fair,fair,launch,2,2,False
66002,234,97,143,16;11;7;7;8;8;7;6;8;6;7;6,174.1343769300729,ready,fair,launch,3,2,False
66002,235,95,145,10;10;8;7;7;7;8;7;6;8;8;9,102.77182302810252,spot,fair,launch,3,2,False
66002,236,102,138,16;11;8;8;8;8;8;7;7;8;7;6,142.46846254728734,duration,reverse,launch,3,2,False
66002,237,96,144,13;12;8;7;6;8;8;7;7;7;7;6,136.75229613669217,fair,reverse,launch,5,2,False
66002,238,94,146,16;11;7;7;6;6;6;6;7;6;8;8,125.1474086754024,ready,reverse,launch,5,3,False
66002,239,87,153,8;8;7;7;8;6;7;8;9;9;6;4,101.01882114075124,spot,reverse,launch,5,3,True
66002,240,101,139,16;11;8;8;8;7;7;8;7;7;6;8,154.1993817538023,duration,duration,deadline,1,3,False
66002,241,100,140,16;11;8;7;7;8;8;7;6;8;6;8,173.04087124578655,fair,duration,deadline,1,3,False
66002,242,97,143,16;11;7;6;7;6;8;7;8;7;7;7,156.45241144485772,ready,duration,deadline,1,3,False
66002,243,81,159,8;8;7;6;6;7;6;7;6;7;6;7,68.44029080681503,spot,duration,deadline,2,3,False
66002,244,103,137,16;12;8;8;8;8;7;7;8;7;7;7,154.94772626273334,duration,fair,deadline,2,3,False
66002,245,101,139,13;13;9;7;7;8;8;7;8;8;6;7,142.2246416322887,fair,fair,deadline,2,5,False
66002,246,97,143,13;10;9;8;7;8;6;8;7;7;8;6,120.83813239447773,ready,fair,deadline,3,5,False
66002,247,90,150,9;10;9;7;6;7;6;6;7;7;8;8,91.02662941254675,spot,fair,deadline,3,5,False
66002,248,101,139,16;11;8;8;7;8;7;7;7;8;7;7,144.2664384227246,duration,reverse,deadline,3,5,False
66002,249,96,144,12;13;9;6;7;7;8;8;6;6;6;8,138.76526218652725,fair,reverse,deadline,5,5,False
66002,250,97,143,16;11;8;7;6;7;7;6;8;8;6;7,163.26433596014977,ready,reverse,deadline,5,5,False
66002,251,90,150,9;8;9;8;6;7;6;7;7;7;8;8,81.08144650422037,spot,reverse,deadline,5,5,False
66002,252,101,139,16;11;8;8;8;7;7;8;7;7;6;8,147.99708266928792,duration,duration,recovery,1,1,False
66002,253,100,140,16;11;8;7;6;8;8;7;8;7;6;8,163.26515177078545,fair,duration,recovery,1,1,False
66002,254,97,143,16;11;7;6;7;6;8;7;8;7;7;7,150.005001405254,ready,duration,recovery,1,1,False
66002,255,89,151,8;8;7;7;8;8;8;8;8;9;6;4,77.68968236073852,spot,duration,recovery,2,1,True
66003,0,100,140,16;11;8;8;8;7;7;8;7;7;7;6,165.18565309606493,duration,duration,recovery,1,1,False
66003,1,100,140,16;11;8;7;6;8;8;7;7;7;7;8,126.17807404883206,fair,duration,recovery,1,1,False
66003,2,95,145,16;11;7;6;7;7;6;8;8;6;6;7,123.44985549710691,ready,duration,recovery,1,1,False
66003,3,84,156,8;8;6;8;6;6;7;7;7;8;7;6,71.19644447229803,spot,duration,recovery,2,1,False
66003,4,102,138,16;11;8;8;8;8;7;6;8;7;7;8,185.87856794707477,duration,fair,recovery,2,1,False
66003,5,100,140,14;12;9;8;6;8;8;7;8;7;7;6,135.3559784926474,fair,fair,recovery,2,1,False
66003,6,97,143,16;11;8;8;8;8;6;7;6;6;6;7,150.37723703309894,ready,fair,recovery,3,1,False
66003,7,85,155,8;8;7;8;6;6;7;6;7;7;7;8,81.773043198511,spot,fair,recovery,3,2,False
66003,8,97,143,16;12;8;7;8;6;6;8;7;6;6;7,157.68712613545358,duration,reverse,recovery,3,2,False
66003,9,98,142,16;11;8;7;7;7;6;8;6;8;7;7,141.82653169892728,fair,reverse,recovery,5,2,False
66003,10,96,144,13;13;8;7;7;8;6;6;7;7;7;7,141.892562514171,ready,reverse,recovery,5,2,False
66003,11,88,152,9;7;8;6;6;6;8;7;7;7;9;8,76.58714194968343,spot,reverse,recovery,5,2,False
66003,12,101,139,16;11;8;8;7;8;7;7;8;7;7;7,166.31911354325712,duration,duration,launch,1,2,False
66003,13,99,141,16;11;8;7;7;8;7;8;6;8;7;6,160.17344689182937,fair,duration,launch,1,2,False
66003,14,97,143,16;11;8;8;7;7;8;6;7;7;6;6,158.43706984445453,ready,duration,launch,1,3,False
66003,15,89,151,8;8;8;6;8;7;7;7;7;8;8;7,99.23701851069927,spot,duration,launch,2,3,True
66003,16,101,139,14;9;8;8;8;8;8;8;7;8;7;8,121.56167994812131,duration,fair,launch,2,3,False
66003,17,102,138,13;12;9;7;7;8;7;8;8;7;8;8,146.89548050798476,fair,fair,launch,2,3,False
66003,18,99,141,16;11;7;7;7;8;7;6;8;6;8;8,132.69943170435727,ready,fair,launch,3,3,False
66003,19,86,154,9;8;7;8;6;7;8;6;7;6;7;7,91.53628909029067,spot,fair,launch,3,3,False
66003,20,99,141,13;8;10;8;8;8;8;7;8;7;6;8,144.90609768219292,duration,reverse,launch,3,3,False
66003,21,100,140,16;11;8;8;8;7;7;7;8;6;8;6,142.08061009086668,fair,reverse,launch,5,5,False
66003,22,94,146,16;12;8;7;8;6;6;6;6;6;7;6,120.19242774508893,ready,reverse,launch,5,5,False
66003,23,92,148,9;9;8;9;7;7;7;7;7;7;7;8,85.63735590316355,spot,reverse,launch,5,5,False
66003,24,100,140,16;11;8;8;8;7;7;8;7;7;7;6,147.46826153248549,duration,duration,deadline,1,5,False
66003,25,100,140,16;11;8;7;7;8;8;7;8;7;6;7,140.219263125211,fair,duration,deadline,1,5,False
66003,26,95,145,16;11;7;7;8;7;7;7;6;6;7;6,130.51687495596707,ready,duration,deadline,1,5,False
66003,27,92,148,9;9;8;8;6;7;7;8;7;7;8;8,90.8916342407465,spot,duration,deadline,2,5,False
66003,28,102,138,16;11;8;8;8;8;6;7;8;8;6;8,173.53149787709117,duration,fair,deadline,2,1,False
66003,29,100,140,16;11;8;7;7;8;8;7;7;7;8;6,141.5642963629216,fair,fair,deadline,2,1,False
66003,30,98,142,16;11;7;7;7;7;8;6;8;7;7;7,159.59282118454576,ready,fair,deadline,3,1,False
66003,31,89,151,8;8;7;8;7;7;7;7;7;6;9;8,66.93930628336966,spot,fair,deadline,3,1,True
66003,32,102,138,16;11;8;8;7;8;6;8;8;7;8;7,138.6898851506412,duration,reverse,deadline,3,1,False
66003,33,94,146,14;9;8;7;7;7;7;8;6;8;6;7,121.38181441649795,fair,reverse,deadline,5,1,False
66003,34,96,144,16;11;8;8;7;7;6;6;6;7;6;8,168.4845936410129,ready,reverse,deadline,5,1,False
66003,35,86,154,8;8;8;7;8;7;6;7;7;7;7;6,90.39778961241245,spot,reverse,deadline,5,2,False
66003,36,100,140,16;11;8;8;8;7;7;8;7;7;7;6,144.3305758088827,duration,duration,recovery,1,2,False
66003,37,100,140,16;11;8;7;6;8;8;7;7;7;7;8,129.266735361889,fair,duration,recovery,1,2,False
66003,38,95,145,16;11;7;6;7;7;6;8;8;6;6;7,134.30315446294844,ready,duration,recovery,1,2,False
66003,39,84,156,8;8;7;8;7;6;6;6;6;7;7;8,69.44301312975585,spot,duration,recovery,2,2,False
66003,40,101,139,16;11;8;8;8;7;7;7;8;7;7;7,172.17116131447256,duration,fair,recovery,2,2,False
66003,41,100,140,16;11;8;7;6;8;7;8;8;6;7;8,140.2878445237875,fair,fair,recovery,2,2,False
66003,42,94,146,16;11;8;7;6;6;7;8;6;7;6;6,133.9521524850279,ready,fair,recovery,3,3,False
66003,43,91,149,9;11;9;7;6;7;7;6;7;8;7;7,100.93578792363405,spot,fair,recovery,3,3,False
66003,44,101,139,16;12;8;8;8;8;8;8;6;6;7;6,187.76071708276868,duration,reverse,recovery,3,3,False
66003,45,95,145,16;11;8;6;7;7;7;6;8;6;7;6,149.4194678477943,fair,reverse,recovery,5,3,False
66003,46,95,145,16;11;8;7;7;7;6;6;6;6;8;7,129.50375536456704,ready,reverse,recovery,5,3,False
66003,47,91,149,9;10;9;8;6;9;8;8;9;7;4;4,121.55642359517515,spot,reverse,recovery,5,3,True
66003,48,101,139,16;11;8;8;7;8;7;7;8;7;7;7,134.3600033801049,duration,duration,launch,1,3,False
66003,49,99,141,16;11;8;7;7;8;7;8;6;8;6;7,145.80916302651167,fair,duration,launch,1,5,False
66003,50,97,143,16;11;8;8;7;7;8;6;7;7;6;6,137.41504587978125,ready,duration,launch,1,5,False
66003,51,86,154,8;8;7;7;7;7;8;7;7;6;7;7,101.94606888666749,spot,duration,launch,2,5,False
66003,52,99,141,14;8;10;8;8;7;7;8;8;7;7;7,137.5305954348296,duration,fair,launch,2,5,False
66003,53,100,140,16;11;9;7;6;8;7;8;8;7;7;6,145.4528261180967,fair,fair,launch,2,5,False
66003,54,94,146,16;11;7;7;6;6;6;6;8;7;8;6,114.04752314276993,ready,fair,launch,3,5,False
66003,55,95,145,10;10;9;7;7;7;6;7;8;8;8;8,79.74563899822533,spot,fair,launch,3,5,False
66003,56,102,138,16;11;8;8;8;8;6;8;7;8;7;7,151.44815042056143,duration,reverse,launch,3,1,False
66003,57,99,141,16;11;8;7;7;8;8;8;7;6;7;6,170.59768388420343,fair,reverse,launch,5,1,False
66003,58,100,140,16;11;9;8;6;8;6;7;7;7;8;7,166.23385949246585,ready,reverse,launch,5,1,False
66003,59,94,146,9;10;7;8;7;7;7;8;8;8;8;7,95.38903882168233,spot,reverse,launch,5,1,False
66003,60,100,140,16;11;8;8;8;7;7;8;7;7;7;6,148.7779102884233,duration,duration,deadline,1,1,False
66003,61,100,140,16;11;8;7;7;8;8;7;8;7;7;6,156.44608817249537,fair,duration,deadline,1,1,False
66003,62,95,145,16;11;7;7;8;7;7;7;6;6;7;6,167.35436336509883,ready,duration,deadline,1,1,False
66003,63,88,152,9;9;8;9;7;8;8;9;8;5;4;4,112.26935867965221,spot,duration,deadline,2,2,True
66003,64,101,139,16;12;8;8;7;8;7;8;7;6;7;7,147.75734158605337,duration,fair,deadline,2,2,False
66003,65,100,140,16;11;8;7;7;8;8;8;7;7;6;7,136.8727062959224,fair,fair,deadline,2,2,False
66003,66,90,150,14;8;7;7;7;7;7;7;6;6;7;7,110.63203992135823,ready,fair,deadline,3,2,False
66003,67,80,160,8;8;7;7;6;6;6;6;7;6;6;7,77.85329236276448,spot,fair,deadline,3,2,False
66003,68,100,140,16;11;8;8;8;8;7;7;8;7;6;6,141.45443282462656,duration,reverse,deadline,3,2,False
66003,69,98,142,13;10;9;8;6;8;8;7;8;6;7;8,143.87661249563098,fair,reverse,deadline,5,2,False
66003,70,95,145,16;12;6;6;7;6;8;8;7;6;6;7,137.23599867336452,ready,reverse,deadline,5,3,False
66003,71,83,157,8;8;7;8;6;6;6;6;7;7;7;7,76.8676357679069,spot,reverse,deadline,5,3,False
66003,72,100,140,16;11;8;8;8;7;7;8;7;7;7;6,176.98011535219848,duration,duration,recovery,1,3,False
66003,73,100,140,16;11;8;7;6;8;8;7;7;7;7;8,145.5137609001249,fair,duration,recovery,1,3,False
66003,74,95,145,16;11;7;6;7;7;6;8;8;6;6;7,162.25333835557103,ready,duration,recovery,1,3,False
66003,75,91,149,9;9;8;8;7;7;7;7;6;8;7;8,85.11493065208197,spot,duration,recovery,2,3,False
66003,76,103,137,16;11;8;8;8;7;8;8;7;7;7;8,136.23568076081574,duration,fair,recovery,2,3,False
66003,77,101,139,16;11;8;8;6;8;8;7;8;7;8;6,147.0446666125208,fair,fair,recovery,2,5,False
66003,78,95,145,16;11;7;6;7;6;6;7;7;8;6;8,144.8667052630335,ready,fair,recovery,3,5,False
66003,79,89,151,9;8;11;7;7;8;7;10;8;6;4;4,99.29934032820165,spot,fair,recovery,3,5,True
66003,80,99,141,16;11;8;8;8;6;8;7;7;7;7;6,140.81662697345018,duration,reverse,recovery,3,5,False
66003,81,96,144,16;11;8;7;7;6;7;6;6;7;7;8,122.37938098981977,fair,reverse,recovery,5,5,False
66003,82,92,148,12;13;8;7;8;6;6;8;6;6;6;6,159.24382727593184,ready,reverse,recovery,5,5,False
66003,83,86,154,9;9;8;7;6;7;7;7;6;6;7;7,79.43851443752646,spot,reverse,recovery,5,5,False
66003,84,101,139,16;11;8;8;7;8;7;7;8;7;7;7,146.9256582017988,duration,duration,launch,1,1,False
66003,85,100,140,16;11;8;7;7;8;7;8;6;8;7;7,146.92980482801795,fair,duration,launch,1,1,False
66003,86,97,143,16;11;8;8;7;7;8;6;7;7;6;6,167.22330408357084,ready,duration,launch,1,1,False
66003,87,94,146,9;9;9;8;7;7;7;7;7;8;8;8,105.00567279197276,spot,duration,launch,2,1,False
66003,88,102,138,13;13;9;8;8;7;8;7;8;7;8;6,152.0841320976615,duration,fair,launch,2,1,False
66003,89,100,140,16;11;8;7;7;8;8;8;7;8;7;5,166.90507135726511,fair,fair,launch,2,1,False
66003,90,96,144,13;9;9;8;7;7;8;8;7;8;6;6,124.60327603295445,ready,fair,launch,3,1,False
66003,91,84,156,8;8;7;7;7;7;6;6;6;7;8;7,67.23658426851034,spot,fair,launch,3,2,False
66003,92,101,139,16;11;8;7;8;8;7;8;8;8;6;6,148.98405141197145,duration,reverse,launch,3,2,False
66003,93,97,143,16;12;7;7;7;6;8;7;7;8;8;4,135.33231249265373,fair,reverse,launch,5,2,False
66003,94,95,145,13;11;8;8;8;7;6;8;7;6;7;6,121.9778508450836,ready,reverse,launch,5,2,False
66003,95,89,151,9;8;7;7;8;8;8;8;9;8;4;5,89.74802183546126,spot,reverse,launch,5,2,True
66003,96,100,140,16;11;8;8;8;7;7;8;7;7;7;6,149.63003202341497,duration,duration,deadline,1,2,False
66003,97,100,140,16;11;8;7;7;8;8;7;8;7;6;7,188.21990973129869,fair,duration,deadline,1,2,False
66003,98,95,145,16;11;7;7;8;7;7;7;6;6;7;6,139.86854940466583,ready,duration,deadline,1,3,False
66003,99,91,149,9;9;8;8;7;7;8;7;7;6;8;7,107.37045499496162,spot,duration,deadline,2,3,False
66003,100,102,138,16;12;8;8;8;7;8;6;8;7;7;7,182.8255265634507,duration,fair,deadline,2,3,False
66003,101,101,139,16;11;8;8;7;8;8;7;7;7;7;7,143.73289201967418,fair,fair,deadline,2,3,False
66003,102,96,144,16;10;8;8;7;7;7;6;7;8;6;6,98.55290917679667,ready,fair,deadline,3,3,False
66003,103,88,152,9;9;9;8;6;7;6;7;6;6;8;7,92.97143098339438,spot,fair,deadline,3,3,False
66003,104,101,139,14;12;9;8;8;8;7;7;7;7;7;7,164.5764362104237,duration,reverse,deadline,3,3,False
66003,105,100,140,16;11;9;7;7;7;7;8;7;8;7;6,142.25320668518543,fair,reverse,deadline,5,5,False
66003,106,90,150,13;10;7;7;7;7;8;6;7;6;6;6,133.21835071220994,ready,reverse,deadline,5,5,False
66003,107,91,149,9;8;8;8;9;7;6;7;7;7;8;7,90.03873046115041,spot,reverse,deadline,5,5,False
66003,108,100,140,16;11;8;8;8;7;7;8;7;7;7;6,144.5207973625511,duration,duration,recovery,1,5,False
66003,109,100,140,16;11;8;7;6;8;8;7;7;7;7;8,167.83277000673115,fair,duration,recovery,1,5,False
66003,110,95,145,16;11;7;6;7;7;6;8;8;6;6;7,149.3196975942701,ready,duration,recovery,1,5,False
66003,111,89,151,9;11;8;8;8;7;9;9;6;6;4;4,128.24310614168644,spot,duration,recovery,2,5,True
66003,112,101,139,13;12;9;8;8;8;7;8;6;8;6;8,113.94624629057944,duration,fair,recovery,2,1,False
66003,113,100,140,14;12;8;8;7;8;7;8;7;7;8;6,180.79672150686383,fair,fair,recovery,2,1,False
66003,114,98,142,16;11;8;8;7;8;7;7;6;6;6;8,142.98674356378615,ready,fair,recovery,3,1,False
66003,115,84,156,8;7;7;6;7;7;7;7;6;7;8;7,80.43476758152246,spot,fair,recovery,3,1,False
66003,116,99,141,16;11;8;8;8;8;6;8;6;6;7;7,130.39015558362007,duration,reverse,recovery,3,1,False
66003,117,99,141,14;9;11;7;7;7;8;8;7;7;8;6,123.45203191041946,fair,reverse,recovery,5,1,False
66003,118,98,142,14;9;9;7;8;7;8;8;7;6;8;7,120.72329934500158,ready,reverse,recovery,5,1,False
66003,119,93,147,10;9;8;8;7;7;7;6;8;8;7;8,89.75453168526292,spot,reverse,recovery,5,2,False
66003,120,101,139,16;11;8;8;7;8;7;7;8;7;7;7,178.57262065447867,duration,duration,launch,1,2,False
66003,121,100,140,16;11;8;7;7;8;7;8;6;8;7;7,156.19812841527164,fair,duration,launch,1,2,False
66003,122,97,143,16;11;8;8;7;7;8;6;7;7;6;6,187.17802759632468,ready,duration,launch,1,2,False
66003,123,92,148,9;10;8;8;7;6;6;7;7;8;8;8,109.72124273329973,spot,duration,launch,2,2,False
66003,124,101,139,16;11;8;8;8;7;7;8;6;7;8;7,190.74369730986655,duration,fair,launch,2,2,False
66003,125,100,140,16;11;8;7;7;8;8;7;8;7;8;5,225.88658608309925,fair,fair,launch,2,2,False
66003,126,98,142,16;11;8;8;7;8;6;6;8;7;6;7,154.71452510543168,ready,fair,launch,3,3,False
66003,127,87,153,9;11;8;9;7;9;8;9;6;3;5;3,112.33251989260316,spot,fair,launch,3,3,True
66003,128,99,141,14;10;11;8;8;8;7;7;7;7;6;6,142.49400306120515,duration,reverse,launch,3,3,False
66003,129,96,144,14;9;8;8;7;8;7;8;7;7;6;7,114.03357631899416,fair,reverse,launch,5,3,False
66003,130,96,144,15;12;7;7;8;7;6;7;7;6;7;7,169.89836760796607,ready,reverse,launch,5,3,False
66003,131,92,148,9;9;8;8;7;7;8;9;7;7;7;6,118.03935354202986,spot,reverse,launch,5,3,False
66003,132,100,140,16;11;8;8;8;7;7;8;7;7;7;6,151.16811318695545,duration,duration,deadline,1,3,False
66003,133,100,140,16;11;8;7;7;8;8;7;8;7;6;7,209.41420635022223,fair,duration,deadline,1,5,False
66003,134,95,145,16;11;7;7;8;7;7;7;6;6;7;6,188.08879703469574,ready,duration,deadline,1,5,False
66003,135,80,160,8;8;6;7;6;6;6;6;7;6;7;7,58.31430087983608,spot,duration,deadline,2,5,False
66003,136,101,139,14;13;8;8;8;8;7;7;8;7;7;6,208.82001049630344,duration,fair,deadline,2,5,False
66003,137,100,140,16;11;8;7;7;8;8;7;7;7;8;6,168.60979326441884,fair,fair,deadline,2,5,False
66003,138,97,143,13;9;8;9;8;7;8;7;8;7;7;6,137.00942021980882,ready,fair,deadline,3,5,False
66003,139,92,148,9;9;8;9;6;6;7;8;8;6;8;8,83.46299827098846,spot,fair,deadline,3,5,False
66003,140,99,141,16;11;8;8;8;7;7;8;7;7;6;6,173.62591563910246,duration,reverse,deadline,3,1,False
66003,141,96,144,13;11;9;7;8;8;6;8;6;7;7;6,164.60102835670114,fair,reverse,deadline,5,1,False
66003,142,97,143,16;11;8;7;7;6;8;6;7;7;7;7,173.57432453520596,ready,reverse,deadline,5,1,False
66003,143,88,152,9;9;8;9;9;8;8;9;7;4;3;5,105.16033328510821,spot,reverse,deadline,5,1,True
66003,144,100,140,16;11;8;8;8;7;7;8;7;7;7;6,229.3225155416876,duration,duration,recovery,1,1,False
66003,145,100,140,16;11;8;7;6;8;8;7;7;7;7;8,145.8904001303017,fair,duration,recovery,1,1,False
66003,146,95,145,16;11;7;6;7;7;6;8;8;6;6;7,185.7455174420029,ready,duration,recovery,1,1,False
66003,147,82,158,8;7;8;7;6;6;7;7;6;6;7;7,71.48707457073033,spot,duration,recovery,2,2,False
66003,148,101,139,16;11;8;8;8;8;7;8;7;7;7;6,175.22538776509464,duration,fair,recovery,2,2,False
66003,149,100,140,16;11;8;7;6;8;7;7;8;8;6;8,137.40070365183055,fair,fair,recovery,2,2,False
66003,150,93,147,16;12;8;7;7;6;6;6;6;6;7;6,138.85291619971395,ready,fair,recovery,3,2,False
66003,151,81,159,9;7;7;7;6;8;6;6;6;6;6;7,81.8932121321559,spot,fair,recovery,3,2,False
66003,152,100,140,16;11;8;8;8;8;8;8;7;6;6;6,194.9593374338001,duration,reverse,recovery,3,2,False
66003,153,97,143,16;10;8;7;9;8;6;8;7;6;6;6,143.38679265975952,fair,reverse,recovery,5,2,False
66003,154,95,145,16;11;8;6;7;7;7;7;8;6;6;6,171.03953677602112,ready,reverse,recovery,5,3,False
66003,155,86,154,8;8;8;7;7;7;7;7;7;7;6;7,83.08557780273259,spot,reverse,recovery,5,3,False
66003,156,101,139,16;11;8;8;7;8;7;7;8;7;7;7,174.73974066600204,duration,duration,launch,1,3,False
66003,157,100,140,16;11;8;7;7;8;7;8;6;8;7;7,237.18152538873255,fair,duration,launch,1,3,False
66003,158,97,143,16;11;8;8;7;7;8;6;7;7;6;6,188.11048629507422,ready,duration,launch,1,3,False
66003,159,90,150,9;9;10;8;7;7;8;8;9;5;5;5,132.6992779634893,spot,duration,launch,2,3,True
66003,160,101,139,14;12;8;8;8;7;8;8;7;7;7;7,206.14134418219328,duration,fair,launch,2,3,False
66003,161,98,142,16;11;8;7;6;8;8;7;8;7;7;5,198.23254187963903,fair,fair,launch,2,5,False
66003,162,94,146,14;10;9;7;6;6;6;6;8;7;7;8,174.52808758802712,ready,fair,launch,3,5,False
66003,163,85,155,8;8;7;7;7;6;7;7;7;8;6;7,91.47431154362857,spot,fair,launch,3,5,False
66003,164,100,140,16;11;8;8;8;8;7;7;7;6;7;7,203.85594121925533,duration,reverse,launch,3,5,False
66003,165,100,140,16;10;9;6;7;7;8;7;8;7;7;8,234.95595382712781,fair,reverse,launch,5,5,False
66003,166,94,146,16;12;7;6;7;6;7;7;6;6;8;6,188.56937657669187,ready,reverse,launch,5,5,False
66003,167,87,153,9;8;8;6;6;7;7;6;8;7;7;8,60.921020774170756,spot,reverse,launch,5,5,False
66003,168,100,140,16;11;8;8;8;7;7;8;7;7;7;6,199.96650849282742,duration,duration,deadline,1,1,False
66003,169,100,140,16;11;8;7;7;8;8;7;8;7;7;6,218.94269402511418,fair,duration,deadline,1,1,False
66003,170,95,145,16;11;7;7;8;7;7;7;6;6;7;6,184.21900494210422,ready,duration,deadline,1,1,False
66003,171,91,149,10;10;8;6;7;6;7;8;7;7;7;8,120.35600066557527,spot,duration,deadline,2,1,False
66003,172,100,140,14;9;9;8;8;8;8;7;8;7;7;7,189.48032038472593,duration,fair,deadline,2,1,False
66003,173,100,140,14;12;8;8;6;8;8;7;7;8;6;8,199.83082991093397,fair,fair,deadline,2,1,False
66003,174,97,143,16;11;8;7;7;8;6;6;8;6;7;7,228.33733903616667,ready,fair,deadline,3,1,False
66003,175,90,150,9;10;10;7;8;8;8;7;8;5;5;5,119.11034265905619,spot,fair,deadline,3,2,True
66003,176,100,140,14;9;10;8;8;7;8;7;7;8;7;7,205.8772830888629,duration,reverse,deadline,3,2,False
66003,177,99,141,16;10;8;7;8;8;7;7;7;7;6;8,178.4333627987653,fair,reverse,deadline,5,2,False
66003,178,96,144,16;11;8;7;8;7;6;7;7;6;6;7,195.89498933032155,ready,reverse,deadline,5,2,False
66003,179,87,153,9;8;7;6;7;6;7;8;7;7;8;7,117.85792310349643,spot,reverse,deadline,5,2,False
66003,180,100,140,16;11;8;8;8;7;7;8;7;7;7;6,192.45166373439133,duration,duration,recovery,1,2,False
66003,181,100,140,16;11;8;7;6;8;8;7;7;7;7;8,205.9603322222829,fair,duration,recovery,1,2,False
66003,182,95,145,16;11;7;6;7;7;6;8;8;6;6;7,184.4382102470845,ready,duration,recovery,1,3,False
66003,183,90,150,9;9;8;9;7;7;7;7;7;6;6;8,128.09612037427723,spot,duration,recovery,2,3,False
66003,184,100,140,13;9;10;8;8;8;7;8;7;8;7;7,235.4196883160621,duration,fair,recovery,2,3,False
66003,185,100,140,16;11;8;7;6;8;8;7;8;7;8;6,241.40236453525722,fair,fair,recovery,2,3,False
66003,186,97,143,16;10;7;7;7;7;7;7;8;6;7;8,181.0853751245886,ready,fair,recovery,3,3,False
66003,187,84,156,8;8;7;8;6;7;6;7;6;8;7;6,113.3039246276021,spot,fair,recovery,3,3,False
66003,188,102,138,16;11;8;8;8;7;7;8;8;8;6;7,251.17998610809445,duration,reverse,recovery,3,3,False
66003,189,99,141,16;11;8;6;7;8;7;8;6;8;6;8,212.93341234326363,fair,reverse,recovery,5,5,False
66003,190,95,145,13;9;7;8;8;8;6;7;8;8;6;7,189.26502514258027,ready,reverse,recovery,5,5,False
66003,191,88,152,10;10;10;8;6;8;7;8;8;6;3;4,181.73545261099935,spot,reverse,recovery,5,5,True
66003,192,101,139,16;11;8;8;7;8;7;7;8;7;7;7,263.2262358237058,duration,duration,launch,1,5,False
66003,193,100,140,16;11;8;7;7;8;7;8;6;8;7;7,271.9583716839552,fair,duration,launch,1,5,False
66003,194,97,143,16;11;8;8;7;7;8;6;7;7;6;6,267.8917822390795,ready,duration,launch,1,5,False
66003,195,95,145,9;9;9;7;7;7;7;8;7;8;9;8,137.370820812881,spot,duration,launch,2,5,False
66003,196,103,137,16;11;8;8;8;8;8;7;8;7;8;6,266.3046002332121,duration,fair,launch,2,1,False
66003,197,100,140,14;8;10;8;7;8;7;8;8;7;7;8,193.7196309696883,fair,fair,launch,2,1,False
66003,198,91,149,14;9;7;6;7;8;6;7;6;7;8;6,211.55437305755913,ready,fair,launch,3,1,False
66003,199,93,147,9;9;8;9;7;7;7;6;8;8;8;7,172.762496907264,spot,fair,launch,3,1,False
66003,200,101,139,16;11;8;8;8;8;7;6;8;6;8;7,253.5379515979439,duration,reverse,launch,3,1,False
66003,201,96,144,16;11;8;7;8;7;7;6;7;6;6;7,211.77668765559793,fair,reverse,launch,5,1,False
66003,202,94,146,16;11;7;7;6;7;7;6;8;6;7;6,234.510627835989,ready,reverse,launch,5,1,False
66003,203,96,144,9;10;9;7;8;8;8;7;7;8;8;7,168.42856488004327,spot,reverse,launch,5,2,False
66003,204,100,140,16;11;8;8;8;7;7;8;7;7;7;6,258.4284519907087,duration,duration,deadline,1,2,False
66003,205,100,140,16;11;8;7;7;8;8;7;8;7;6;7,316.9869879409671,fair,duration,deadline,1,2,False
66003,206,95,145,16;11;7;7;8;7;7;7;6;6;7;6,275.879958383739,ready,duration,deadline,1,2,False
66003,207,88,152,8;8;7;7;8;8;8;7;8;8;6;5,138.616784311831,spot,duration,deadline,2,2,True
66003,208,102,138,16;11;8;8;8;8;7;8;7;7;8;6,263.68794784881175,duration,fair,deadline,2,2,False
66003,209,102,138,14;13;8;7;7;8;8;7;8;7;7;8,275.70877687074244,fair,fair,deadline,2,2,False
66003,210,95,145,16;11;7;6;7;7;6;8;8;6;7;6,232.99161615408957,ready,fair,deadline,3,3,False
66003,211,87,153,8;8;7;8;7;7;7;7;7;7;7;7,138.86376016400754,spot,fair,deadline,3,3,False
66003,212,100,140,16;11;8;8;7;8;8;7;6;8;6;7,274.4812441151589,duration,reverse,deadline,3,3,False
66003,213,98,142,16;11;8;7;8;7;7;6;6;8;8;6,294.98993618413806,fair,reverse,deadline,5,3,False
66003,214,91,149,13;9;8;8;7;6;7;6;6;8;7;6,176.87534351460636,ready,reverse,deadline,5,3,False
66003,215,93,147,9;9;9;8;6;8;6;7;8;7;8;8,161.82107854820788,spot,reverse,deadline,5,3,False
66003,216,100,140,16;11;8;8;8;7;7;8;7;7;7;6,277.5275687035173,duration,duration,recovery,1,3,False
66003,217,100,140,16;11;8;7;6;8;8;7;7;7;7;8,271.90327859669924,fair,duration,recovery,1,5,False
66003,218,95,145,16;11;7;6;7;7;6;8;8;6;6;7,288.9162804093212,ready,duration,recovery,1,5,False
66003,219,82,158,8;8;7;8;6;7;6;7;7;6;6;6,125.60933967120945,spot,duration,recovery,2,5,False
66003,220,102,138,16;11;8;8;8;7;8;8;8;7;7;6,281.1861190404743,duration,fair,recovery,2,5,False
66003,221,100,140,14;11;9;7;6;8;7;8;8;7;7;8,268.8852613363415,fair,fair,recovery,2,5,False
66003,222,97,143,16;11;7;6;7;8;7;7;7;7;7;7,275.57126073539257,ready,fair,recovery,3,5,False
66003,223,86,154,9;9;10;8;6;8;10;8;7;4;4;3,209.78500047884881,spot,fair,recovery,3,5,True
66003,224,102,138,14;11;8;8;8;8;7;8;8;7;7;8,307.66973016783595,duration,reverse,recovery,3,1,False
66003,225,94,146,13;9;10;7;7;7;7;7;6;8;6;7,270.8503502551466,fair,reverse,recovery,5,1,False
66003,226,92,148,13;11;7;9;7;6;6;6;7;6;7;7,279.5644980482757,ready,reverse,recovery,5,1,False
66003,227,86,154,9;8;8;8;6;6;6;7;7;7;8;6,163.95632070302963,spot,reverse,recovery,5,1,False
66003,228,101,139,16;11;8;8;7;8;7;7;8;7;7;7,299.1450734715909,duration,duration,launch,1,1,False
66003,229,100,140,16;11;8;7;7;8;7;8;6;8;7;7,299.53312654979527,fair,duration,launch,1,1,False
66003,230,97,143,16;11;8;8;7;7;8;6;7;7;6;6,299.50072483345866,ready,duration,launch,1,1,False
66003,231,92,148,9;9;9;8;6;7;7;7;7;8;7;8,189.6129753217101,spot,duration,launch,2,2,False
66003,232,100,140,13;12;8;8;8;7;8;8;7;7;8;6,269.66599751636386,duration,fair,launch,2,2,False
66003,233,101,139,16;11;8;8;7;8;8;8;7;7;7;6,308.93087948299944,fair,fair,launch,2,2,False
66003,234,94,146,16;11;8;6;8;6;6;7;6;7;7;6,292.5170615520328,ready,fair,launch,3,2,False
66003,235,92,148,10;9;9;6;7;8;7;6;7;7;8;8,191.30605589039624,spot,fair,launch,3,2,False
66003,236,101,139,16;11;8;8;8;8;8;7;8;6;8;5,299.17709849216044,duration,reverse,launch,3,2,False
66003,237,96,144,16;11;8;7;7;7;8;7;6;6;7;6,297.5933660361916,fair,reverse,launch,5,2,False
66003,238,92,148,13;9;7;7;7;7;7;6;7;8;6;8,253.8500486817211,ready,reverse,launch,5,3,False
66003,239,88,152,9;10;8;7;8;8;7;9;8;6;4;4,213.75637024082243,spot,reverse,launch,5,3,True
66003,240,100,140,16;11;8;8;8;7;7;8;7;7;7;6,300.6448746640235,duration,duration,deadline,1,3,False
66003,241,100,140,16;11;8;7;7;8;8;7;8;7;6;7,340.2434247042984,fair,duration,deadline,1,3,False
66003,242,95,145,16;11;7;7;8;7;7;7;6;6;7;6,318.3815320134163,ready,duration,deadline,1,3,False
66003,243,80,160,8;8;6;8;6;6;6;7;6;6;6;7,124.96129961125553,spot,duration,deadline,2,3,False
66003,244,102,138,16;11;8;8;7;8;8;7;8;7;7;7,325.86942975595593,duration,fair,deadline,2,3,False
66003,245,101,139,13;12;8;8;7;8;7;8;8;8;7;7,323.60313781909645,fair,fair,deadline,2,5,False
66003,246,99,141,13;13;8;8;8;8;8;7;6;7;7;6,318.10209696367383,ready,fair,deadline,3,5,False
66003,247,91,149,9;9;9;8;6;8;6;7;7;8;6;8,170.63285832852125,spot,fair,deadline,3,5,False
66003,248,101,139,16;11;8;8;8;8;6;8;8;7;6;7,301.0783104673028,duration,reverse,deadline,3,5,False
66003,249,98,142,16;11;8;7;8;7;8;7;7;6;6;7,288.1847310215235,fair,reverse,deadline,5,5,False
66003,250,97,143,16;11;8;7;7;7;8;6;8;6;6;7,330.75832129083574,ready,reverse,deadline,5,5,False
66003,251,82,158,8;7;8;6;7;7;6;6;6;7;7;7,154.39680408872664,spot,reverse,deadline,5,5,False
66003,252,100,140,16;11;8;8;8;7;7;8;7;7;7;6,368.69537656381726,duration,duration,recovery,1,1,False
66003,253,100,140,16;11;8;7;6;8;8;7;7;7;7;8,332.0558369476348,fair,duration,recovery,1,1,False
66003,254,95,145,16;11;7;6;7;7;6;8;8;6;6;7,310.0587443765253,ready,duration,recovery,1,1,False
66003,255,90,150,9;10;9;8;9;8;8;8;7;6;3;5,248.32473907619715,spot,duration,recovery,2,1,True
66004,0,100,140,16;11;8;8;7;8;7;7;7;7;7;7,343.0730204526335,duration,duration,recovery,1,1,False
66004,1,100,140,16;11;8;7;6;8;8;7;7;8;7;7,352.9612868297845,fair,duration,recovery,1,1,False
66004,2,94,146,16;10;8;7;6;7;7;6;8;6;7;6,332.62480107694864,ready,duration,recovery,1,1,False
66004,3,83,157,8;8;8;7;6;6;6;6;6;7;7;8,169.34741538576782,spot,duration,recovery,2,1,False
66004,4,100,140,14;10;9;8;8;8;7;8;7;8;7;6,331.46214345656335,duration,fair,recovery,2,1,False
66004,5,99,141,16;11;8;7;6;8;8;7;8;6;6;8,317.92921656928957,fair,fair,recovery,2,1,False
66004,6,90,150,16;11;7;6;6;6;6;7;6;7;6;6,258.030538065359,ready,fair,recovery,3,1,False
66004,7,80,160,8;8;7;6;6;6;6;7;6;7;6;7,153.10135471075773,spot,fair,recovery,3,2,False
66004,8,97,143,16;10;8;8;8;7;8;7;7;6;6;6,319.56595246866345,duration,reverse,recovery,3,2,False
66004,9,95,145,14;8;8;8;7;8;7;7;7;7;6;8,285.3328199405223,fair,reverse,recovery,5,2,False
66004,10,96,144,16;12;8;6;7;8;7;7;7;6;6;6,332.9066095203161,ready,reverse,recovery,5,2,False
66004,11,85,155,8;8;7;7;7;7;8;6;7;7;7;6,202.74371179379523,spot,reverse,recovery,5,2,False
66004,12,101,139,16;11;8;8;7;8;7;8;7;8;7;6,357.7152568437159,duration,duration,launch,1,2,False
66004,13,100,140,16;11;8;7;7;8;8;7;7;8;6;7,327.7837161552161,fair,duration,launch,1,2,False
66004,14,97,143,16;11;8;6;8;8;7;7;7;6;6;7,327.5623970553279,ready,duration,launch,1,3,False
66004,15,87,153,8;9;8;7;8;7;8;8;8;8;4;4,230.85559712164104,spot,duration,launch,2,3,True
66004,16,101,139,16;11;8;8;8;7;8;7;7;8;7;6,353.98166874051094,duration,fair,launch,2,3,False
66004,17,100,140,16;11;8;7;7;8;7;8;8;7;7;6,370.6233472041786,fair,fair,launch,2,3,False
66004,18,92,148,14;9;7;6;7;7;7;7;7;6;8;7,295.2716873139143,ready,fair,launch,3,3,False
66004,19,90,150,9;8;8;7;8;8;7;7;8;7;7;6,230.8869260903448,spot,fair,launch,3,3,False
66004,20,100,140,16;11;8;8;8;8;8;7;7;7;7;5,365.0212634522468,duration,reverse,launch,3,3,False
66004,21,100,140,16;11;8;7;7;7;8;7;8;8;7;6,378.31620502471924,fair,reverse,launch,5,5,False
66004,22,100,140,16;12;8;8;7;7;7;7;8;6;8;6,378.13162581436336,ready,reverse,launch,5,5,False
66004,23,93,147,9;9;9;8;6;6;7;7;9;9;7;7,208.66457645595074,spot,reverse,launch,5,5,False
66004,24,101,139,16;11;8;8;7;8;7;7;8;7;7;7,395.3892797380686,duration,duration,deadline,1,5,False
66004,25,100,140,16;11;8;7;7;8;8;7;6;8;7;7,346.3659493084997,fair,duration,deadline,1,5,False
66004,26,95,145,16;10;8;8;8;6;7;6;7;6;7;6,300.16616057418287,ready,duration,deadline,1,5,False
66004,27,84,156,8;8;7;7;7;7;6;6;6;7;8;7,180.33832438848913,spot,duration,deadline,2,5,False
66004,28,101,139,14;13;8;8;7;8;8;8;8;7;6;6,328.9320204667747,duration,fair,deadline,2,1,False
66004,29,99,141,13;9;10;8;7;8;8;7;8;8;7;6,357.8475184645504,fair,fair,deadline,2,1,False
66004,30,98,142,16;11;8;6;7;8;7;7;7;7;6;8,339.268324688077,ready,fair,deadline,3,1,False
66004,31,90,150,8;8;7;7;7;8;7;7;6;8;10;7,184.13806260935962,spot,fair,deadline,3,1,True
66004,32,101,139,14;10;10;8;8;7;7;7;8;7;8;7,368.0174985472113,duration,reverse,deadline,3,1,False
66004,33,96,144,13;9;8;7;7;8;7;7;8;7;7;8,316.10974336043,fair,reverse,deadline,5,1,False
66004,34,88,152,13;10;7;6;7;7;7;6;6;7;6;6,291.0541366375983,ready,reverse,deadline,5,1,False
66004,35,86,154,8;8;8;8;7;7;6;6;8;7;6;7,237.45908689312637,spot,reverse,deadline,5,2,False
66004,36,100,140,16;11;8;8;7;8;7;7;7;7;7;7,361.5224767923355,duration,duration,recovery,1,2,False
66004,37,99,141,16;11;8;7;6;8;8;7;7;8;7;6,346.6407659985125,fair,duration,recovery,1,2,False
66004,38,94,146,16;10;8;7;6;7;7;6;8;6;7;6,346.6603701133281,ready,duration,recovery,1,2,False
66004,39,80,160,8;7;8;6;6;6;7;7;6;6;6;7,184.8961104042828,spot,duration,recovery,2,2,False
66004,40,101,139,13;12;9;8;8;8;7;8;7;8;6;7,348.0815960392356,duration,fair,recovery,2,2,False
66004,41,100,140,16;12;8;7;6;8;8;7;7;8;6;7,338.9703154154122,fair,fair,recovery,2,2,False
66004,42,90,150,14;12;7;6;6;7;6;7;7;6;6;6,318.8442451376468,ready,fair,recovery,3,3,False
66004,43,86,154,8;8;7;7;6;7;6;7;8;8;7;7,191.01449489220977,spot,fair,recovery,3,3,False
66004,44,102,138,16;12;8;8;8;7;8;6;6;7;8;8,331.8522284235805,duration,reverse,recovery,3,3,False
66004,45,95,145,13;9;10;7;7;7;8;7;8;6;7;6,337.04076196067035,fair,reverse,recovery,5,3,False
66004,46,98,142,16;10;8;8;7;7;8;6;6;8;7;7,337.7697765547782,ready,reverse,recovery,5,3,False
66004,47,89,151,9;7;8;7;7;6;8;8;8;9;7;5,206.0252490490675,spot,reverse,recovery,5,3,True
66004,48,101,139,16;11;8;8;7;8;7;8;7;8;7;6,362.1599318869412,duration,duration,launch,1,3,False
66004,49,99,141,16;11;8;7;7;8;8;7;7;8;7;5,343.48786265961826,fair,duration,launch,1,5,False
66004,50,97,143,16;11;8;6;8;8;7;7;7;6;6;7,326.84414221160114,ready,duration,launch,1,5,False
66004,51,86,154,9;9;8;8;7;7;6;7;7;6;6;6,209.97206920199096,spot,duration,launch,2,5,False
66004,52,101,139,16;11;8;8;8;7;8;7;8;7;7;6,327.8394601736218,duration,fair,launch,2,5,False
66004,53,99,141,13;10;8;7;7;8;8;8;8;7;8;7,338.0780715867877,fair,fair,launch,2,5,False
66004,54,97,143,16;11;8;6;7;7;7;7;8;6;7;7,359.25568214058876,ready,fair,launch,3,5,False
66004,55,93,147,9;10;7;7;7;8;7;8;7;7;8;8,244.48307229205966,spot,fair,launch,3,5,False
66004,56,101,139,16;11;8;8;8;7;8;7;8;7;7;6,341.3957966323942,duration,reverse,launch,3,1,False
66004,57,97,143,14;11;8;8;7;7;7;8;7;7;7;6,342.8375447187573,fair,reverse,launch,5,1,False
66004,58,97,143,16;11;8;6;8;8;7;6;7;7;7;6,343.8470022100955,ready,reverse,launch,5,1,False
66004,59,95,145,9;10;9;7;7;8;8;8;8;7;8;6,291.88593943044543,spot,reverse,launch,5,1,False
66004,60,101,139,16;11;8;8;7;8;7;7;8;7;7;7,371.5952853355557,duration,duration,deadline,1,1,False
66004,61,100,140,16;11;8;7;7;8;8;7;6;8;7;7,352.7604327853769,fair,duration,deadline,1,1,False
66004,62,95,145,16;10;8;8;8;6;7;6;7;6;7;6,340.84479152970016,ready,duration,deadline,1,1,False
66004,63,90,150,8;8;7;8;7;7;7;9;8;9;8;4,228.0008448958397,spot,duration,deadline,2,2,True
66004,64,100,140,14;13;8;8;7;7;8;8;7;7;7;6,355.5567754544318,duration,fair,deadline,2,2,False
66004,65,98,142,14;10;10;8;6;8;8;7;8;7;6;6,342.8486119080335,fair,fair,deadline,2,2,False
66004,66,93,147,13;11;9;7;7;7;6;6;7;7;7;6,339.21213222295046,ready,fair,deadline,3,2,False
66004,67,81,159,8;7;8;7;6;7;6;6;6;6;6;8,171.78708933107555,spot,fair,deadline,3,2,False
66004,68,102,138,13;12;9;7;8;8;8;8;7;8;7;7,339.3174994569272,duration,reverse,deadline,3,2,False
66004,69,98,142,16;11;8;8;6;6;8;8;6;7;6;8,357.26434134691954,fair,reverse,deadline,5,2,False
66004,70,95,145,16;11;8;7;8;6;8;6;6;6;7;6,347.2647990640253,ready,reverse,deadline,5,3,False
66004,71,92,148,9;10;9;7;8;6;6;8;7;8;8;6,261.63722499646246,spot,reverse,deadline,5,3,False
66004,72,100,140,16;11;8;8;7;8;7;7;7;7;7;7,358.14393333904445,duration,duration,recovery,1,3,False
66004,73,99,141,16;11;8;7;6;8;8;7;7;8;7;6,329.0877140518278,fair,duration,recovery,1,3,False
66004,74,94,146,16;10;8;7;6;7;7;6;8;6;7;6,319.957485999912,ready,duration,recovery,1,3,False
66004,75,82,158,8;8;7;6;7;6;7;6;7;6;7;7,177.65213072486222,spot,duration,recovery,2,3,False
66004,76,100,140,13;9;10;9;8;7;8;6;7;8;8;7,317.00907699391246,duration,fair,recovery,2,3,False
66004,77,101,139,16;12;8;6;8;8;8;8;7;7;7;6,346.4881458617747,fair,fair,recovery,2,5,False
66004,78,98,142,16;11;8;6;8;8;7;8;6;6;7;7,315.68827792815864,ready,fair,recovery,3,5,False
66004,79,89,151,9;8;9;8;7;7;8;8;9;8;3;5,255.75611490011215,spot,fair,recovery,3,5,True
66004,80,100,140,16;12;8;8;7;8;7;8;6;7;7;6,355.94344876147807,duration,reverse,recovery,3,5,False
66004,81,96,144,13;9;8;8;7;8;6;8;8;6;7;8,291.33755270019174,fair,reverse,recovery,5,5,False
66004,82,97,143,16;12;8;6;8;7;6;7;7;8;6;6,329.8887095209211,ready,reverse,recovery,5,5,False
66004,83,86,154,8;8;8;7;6;6;7;7;6;7;7;9,213.93467021547258,spot,reverse,recovery,5,5,False
66004,84,101,139,16;11;8;8;7;8;7;8;7;8;7;6,349.69278085418046,duration,duration,launch,1,1,False
66004,85,100,140,16;11;8;7;7;8;8;7;7;8;6;7,355.3540026806295,fair,duration,launch,1,1,False
66004,86,97,143,16;11;8;6;8;8;7;7;7;6;6;7,349.90379880554974,ready,duration,launch,1,1,False
66004,87,95,145,9;10;9;7;7;8;7;7;6;8;9;8,245.52062694728374,spot,duration,launch,2,1,False
66004,88,100,140,14;10;8;8;8;8;8;8;6;7;7;8,312.62393246777356,duration,fair,launch,2,1,False
66004,89,100,140,14;11;9;8;7;8;8;8;7;7;6;7,336.497780399397,fair,fair,launch,2,1,False
66004,90,97,143,16;11;7;7;8;8;8;7;6;6;7;6,342.766912329942,ready,fair,launch,3,1,False
66004,91,87,153,8;8;8;7;7;7;6;7;8;7;8;6,208.76719086058438,spot,fair,launch,3,2,False
66004,92,101,139,16;11;8;8;7;7;7;8;7;8;8;6,353.79481850005686,duration,reverse,launch,3,2,False
66004,93,98,142,16;11;8;8;7;8;8;6;8;6;6;6,368.66468414850533,fair,reverse,launch,5,2,False
66004,94,95,145,16;11;8;6;6;8;6;6;8;7;7;6,296.0116848293692,ready,reverse,launch,5,2,False
66004,95,89,151,8;8;8;6;8;7;8;8;9;8;7;4,230.75138424150646,spot,reverse,launch,5,2,True
66004,96,101,139,16;11;8;8;7;8;7;7;8;7;7;7,362.8735352791846,duration,duration,deadline,1,2,False
66004,97,100,140,16;11;8;7;7;8;8;7;6;8;7;7,313.81528742052615,fair,duration,deadline,1,2,False
66004,98,95,145,16;10;8;8;8;6;7;6;7;6;7;6,343.4262191262096,ready,duration,deadline,1,3,False
66004,99,94,146,9;9;9;8;8;6;8;6;8;8;7;8,248.04822843521833,spot,duration,deadline,2,3,False
66004,100,101,139,14;10;11;8;7;8;7;8;7;7;8;6,328.6498371399939,duration,fair,deadline,2,3,False
66004,101,101,139,13;13;8;8;6;8;7;8;8;7;7;8,336.40421380102634,fair,fair,deadline,2,3,False
66004,102,97,143,13;13;8;8;8;7;6;6;7;7;7;7,314.69027468189597,ready,fair,deadline,3,3,False
66004,103,87,153,8;8;8;7;6;7;7;8;7;8;7;6,210.24918248318136,spot,fair,deadline,3,3,False
66004,104,100,140,16;11;8;8;7;8;6;8;7;8;6;7,346.06163110770285,duration,reverse,deadline,3,3,False
66004,105,96,144,13;12;9;7;7;8;7;6;6;8;7;6,312.0061822179705,fair,reverse,deadline,5,5,False
66004,106,98,142,14;9;8;7;8;7;8;8;7;8;7;7,301.67780619487166,ready,reverse,deadline,5,5,False
66004,107,96,144,11;10;8;8;6;7;8;7;8;7;8;8,263.6602516118437,spot,reverse,deadline,5,5,False
66004,108,100,140,16;11;8;8;7;8;7;7;7;7;7;7,312.7351530250162,duration,duration,recovery,1,5,False
66004,109,100,140,16;11;8;7;6;8;8;7;7;8;6;8,328.08800663612783,fair,duration,recovery,1,5,False
66004,110,94,146,16;10;8;7;6;7;7;6;8;6;7;6,283.42086317017674,ready,duration,recovery,1,5,False
66004,111,89,151,9;9;8;8;7;8;7;8;8;7;5;5,250.44739926047623,spot,duration,recovery,2,5,True
66004,112,102,138,16;11;8;8;7;8;7;8;7;8;8;6,335.1590410731733,duration,fair,recovery,2,1,False
66004,113,98,142,13;10;8;7;6;9;8;7;8;7;7;8,318.62797242961824,fair,fair,recovery,2,1,False
66004,114,96,144,16;11;6;8;7;7;7;8;6;6;8;6,298.2811124920845,ready,fair,recovery,3,1,False
66004,115,91,149,9;9;8;7;8;8;7;7;7;7;6;8,216.05110574699938,spot,fair,recovery,3,1,False
66004,116,101,139,16;11;8;8;7;8;8;7;7;7;6;8,323.8274726625532,duration,reverse,recovery,3,1,False
66004,117,96,144,13;9;8;8;8;7;7;7;8;7;7;7,256.9323543962091,fair,reverse,recovery,5,1,False
66004,118,93,147,16;12;8;7;7;6;6;7;6;6;6;6,280.8442650679499,ready,reverse,recovery,5,1,False
66004,119,85,155,9;8;8;6;8;7;6;6;7;7;6;7,178.71312064304948,spot,reverse,recovery,5,2,False
66004,120,101,139,16;11;8;8;7;8;7;8;7;8;7;6,303.5047782920301,duration,duration,launch,1,2,False
66004,121,99,141,16;11;8;7;7;8;8;7;7;8;7;5,324.76687342487276,fair,duration,launch,1,2,False
66004,122,97,143,16;11;8;6;8;8;7;7;7;6;6;7,329.0008910242468,ready,duration,launch,1,2,False
66004,123,94,146,9;10;10;7;7;7;7;7;8;7;8;7,256.09791040979326,spot,duration,launch,2,2,False
66004,124,99,141,16;10;8;8;8;7;7;7;8;7;7;6,295.66854140534997,duration,fair,launch,2,2,False
66004,125,101,139,16;11;8;8;7;8;8;8;7;8;6;6,321.6713124997914,fair,fair,launch,2,2,False
66004,126,95,145,16;11;8;6;7;8;8;6;6;6;7;6,276.7400776669383,ready,fair,launch,3,3,False
66004,127,88,152,8;8;9;7;8;7;8;7;7;8;7;4,216.86334323138,spot,fair,launch,3,3,True
66004,128,101,139,16;11;8;8;8;7;8;7;7;6;8;7,319.7576763369143,duration,reverse,launch,3,3,False
66004,129,96,144,13;10;8;7;7;8;7;8;8;6;8;6,245.09264454431832,fair,reverse,launch,5,3,False
66004,130,92,148,16;12;6;7;6;6;6;7;6;6;6;8,295.7465348672122,ready,reverse,launch,5,3,False
66004,131,90,150,8;8;8;7;8;7;8;7;6;7;8;8,193.26664782688022,spot,reverse,launch,5,3,False
66004,132,101,139,16;11;8;8;7;8;7;7;8;7;7;7,290.1491229031235,duration,duration,deadline,1,3,False
66004,133,100,140,16;11;8;7;7;8;8;7;6;8;7;7,301.0950383618474,fair,duration,deadline,1,5,False
66004,134,95,145,16;10;8;8;8;6;7;6;7;6;7;6,296.0596702825278,ready,duration,deadline,1,5,False
66004,135,94,146,9;9;10;7;7;7;7;8;7;7;8;8,215.82438604719937,spot,duration,deadline,2,5,False
66004,136,101,139,16;11;8;8;7;8;8;7;7;6;7;8,288.7961068134755,duration,fair,deadline,2,5,False
66004,137,100,140,16;11;8;7;7;8;8;7;7;8;6;7,292.21659508161247,fair,fair,deadline,2,5,False
66004,138,95,145,14;10;9;8;6;7;7;7;7;6;6;8,266.88556206971407,ready,fair,deadline,3,5,False
66004,139,91,149,9;10;8;8;7;6;7;7;7;8;7;7,183.2255854960531,spot,fair,deadline,3,5,False
66004,140,101,139,16;11;8;8;8;7;8;7;8;7;6;7,307.6625173650682,duration,reverse,deadline,3,1,False
66004,141,99,141,12;12;9;7;7;8;7;7;8;8;6;8,250.51244097948074,fair,reverse,deadline,5,1,False
66004,142,94,146,13;10;7;8;7;8;7;6;6;8;8;6,265.0268263909966,ready,reverse,deadline,5,1,False
66004,143,89,151,9;9;9;8;8;7;9;8;7;7;3;5,220.88502157852054,spot,reverse,deadline,5,1,True
66004,144,100,140,16;11;8;8;7;8;7;7;7;7;7;7,290.38089452311397,duration,duration,recovery,1,1,False
66004,145,100,140,16;11;8;7;6;8;8;7;7;8;7;7,257.91226989403367,fair,duration,recovery,1,1,False
66004,146,94,146,16;10;8;7;6;7;7;6;8;6;7;6,284.86670640297234,ready,duration,recovery,1,1,False
66004,147,84,156,8;7;8;7;6;7;6;7;7;7;7;7,150.64337199926376,spot,duration,recovery,2,2,False
66004,148,102,138,16;11;8;8;8;8;8;8;7;8;6;6,300.78029565140605,duration,fair,recovery,2,2,False
66004,149,101,139,16;12;8;7;7;8;8;8;7;6;6;8,286.3004240076989,fair,fair,recovery,2,2,False
66004,150,97,143,14;10;10;6;7;7;8;7;8;6;8;6,267.6972298491746,ready,fair,recovery,3,2,False
66004,151,93,147,9;9;9;7;7;7;7;7;7;7;9;8,180.80556164123118,spot,fair,recovery,3,2,False
66004,152,100,140,16;11;8;7;8;8;8;8;6;8;6;6,252.78025217726827,duration,reverse,recovery,3,2,False
66004,153,97,143,16;12;8;6;7;7;7;7;7;7;6;7,278.75218553468585,fair,reverse,recovery,5,2,False
66004,154,97,143,16;11;8;7;7;7;7;6;6;8;6;8,251.5434767846018,ready,reverse,recovery,5,3,False
66004,155,86,154,9;8;8;8;6;6;6;7;7;7;7;7,158.4988017193973,spot,reverse,recovery,5,3,False
66004,156,101,139,16;11;8;8;7;8;7;8;7;8;7;6,257.63074773177505,duration,duration,launch,1,3,False
66004,157,99,141,16;11;8;7;7;8;8;7;7;8;7;5,267.8249344434589,fair,duration,launch,1,3,False
66004,158,97,143,16;11;8;6;8;8;7;7;7;6;6;7,267.3637675270438,ready,duration,launch,1,3,False
66004,159,89,151,8;8;8;8;8;7;6;8;8;10;6;4,163.24203590862453,spot,duration,launch,2,3,True
66004,160,101,139,14;9;10;9;8;8;7;8;7;7;6;8,245.69888031296432,duration,fair,launch,2,3,False
66004,161,101,139,16;10;8;8;6;8;8;8;7;8;7;7,267.02202128991485,fair,fair,launch,2,5,False
66004,162,97,143,13;13;8;7;8;8;6;6;7;7;8;6,228.47445536591113,ready,fair,launch,3,5,False
66004,163,86,154,8;9;7;6;8;6;6;7;7;8;7;7,174.60120774433017,spot,fair,launch,3,5,False
66004,164,102,138,16;11;8;8;8;8;6;8;7;8;8;6,246.12428721040487,duration,reverse,launch,3,5,False
66004,165,97,143,14;9;8;8;7;7;8;8;8;6;7;7,242.53396272845566,fair,reverse,launch,5,5,False
66004,166,95,145,16;11;7;8;6;7;6;8;6;7;6;7,231.99600720219314,ready,reverse,launch,5,5,False
66004,167,88,152,8;9;7;8;8;7;6;7;6;9;7;6,202.99028063565493,spot,reverse,launch,5,5,False
66004,168,101,139,16;11;8;8;7;8;7;7;8;7;7;7,265.32553253509104,duration,duration,deadline,1,1,False
66004,169,100,140,16;11;8;7;7;8;8;7;6;8;7;7,228.78477843292058,fair,duration,deadline,1,1,False
66004,170,95,145,16;10;8;8;8;6;7;6;7;6;7;6,207.43946077674627,ready,duration,deadline,1,1,False
66004,171,80,160,8;7;7;7;7;6;6;6;6;6;6;8,154.37830381840467,spot,duration,deadline,2,1,False
66004,172,100,140,14;12;8;8;8;7;8;8;7;7;7;6,222.49991296604276,duration,fair,deadline,2,1,False
66004,173,101,139,16;11;8;7;6;8;7;8;7;8;7;8,222.76112769544125,fair,fair,deadline,2,1,False
66004,174,100,140,16;11;7;8;8;8;7;6;7;7;8;7,228.66047426499426,ready,fair,deadline,3,1,False
66004,175,90,150,9;9;10;8;7;8;7;8;9;6;5;4,209.5958672631532,spot,fair,deadline,3,2,True
66004,176,103,137,16;10;9;8;8;7;7;8;8;7;8;7,239.87655100226402,duration,reverse,deadline,3,2,False
66004,177,97,143,16;11;8;7;6;8;6;7;8;6;7;7,236.25172377377748,fair,reverse,deadline,5,2,False
66004,178,97,143,16;12;7;6;8;6;7;8;8;6;6;7,228.50304623693228,ready,reverse,deadline,5,2,False
66004,179,86,154,9;8;7;7;7;7;7;6;7;8;6;7,183.50040756724775,spot,reverse,deadline,5,2,False
66004,180,100,140,16;11;8;8;7;8;7;7;7;7;7;7,204.70883612893522,duration,duration,recovery,1,2,False
66004,181,100,140,16;11;8;7;6;8;8;7;7;8;6;8,243.886352956295,fair,duration,recovery,1,2,False
66004,182,94,146,16;10;8;7;6;7;7;6;8;6;7;6,207.902512896806,ready,duration,recovery,1,3,False
66004,183,79,161,8;8;6;7;7;6;6;6;7;6;6;6,139.4274869505316,spot,duration,recovery,2,3,False
66004,184,102,138,16;11;8;8;7;8;8;7;8;8;7;6,243.97664916701615,duration,fair,recovery,2,3,False
66004,185,101,139,14;10;10;8;7;8;8;8;7;7;7;7,205.14243995770812,fair,fair,recovery,2,3,False
66004,186,96,144,16;11;8;7;6;7;8;6;6;8;7;6,184.45188575796783,ready,fair,recovery,3,3,False
66004,187,91,149,9;9;9;7;6;7;7;7;7;8;7;8,169.82853900454938,spot,fair,recovery,3,3,False
66004,188,102,138,16;12;8;8;8;7;8;8;6;7;6;8,219.91818254441023,duration,reverse,recovery,3,3,False
66004,189,98,142,16;12;8;6;7;6;7;8;7;8;7;6,227.72971335239708,fair,reverse,recovery,5,5,False
66004,190,95,145,16;10;9;7;7;6;7;7;6;7;7;6,215.61252672597766,ready,reverse,recovery,5,5,False
66004,191,89,151,9;8;7;8;8;7;8;9;9;6;5;5,142.65948096849024,spot,reverse,recovery,5,5,True
66004,192,101,139,16;11;8;8;7;8;7;8;7;8;7;6,202.17257752083242,duration,duration,launch,1,5,False
66004,193,100,140,16;11;8;7;7;8;8;7;7;8;6;7,196.08535680361092,fair,duration,launch,1,5,False
66004,194,97,143,16;11;8;6;8;8;7;7;7;6;6;7,191.87688314542174,ready,duration,launch,1,5,False
66004,195,94,146,9;10;9;7;7;8;7;6;7;8;8;8,164.3724943380803,spot,duration,launch,2,5,False
66004,196,100,140,13;13;8;8;8;8;7;8;7;7;7;6,209.12766307778656,duration,fair,launch,2,1,False
66004,197,100,140,16;11;8;7;7;8;7;7;8;7;7;7,190.3906724434346,fair,fair,launch,2,1,False
66004,198,95,145,16;11;6;7;8;7;7;7;6;6;7;7,209.69362667761743,ready,fair,launch,3,1,False
66004,199,87,153,9;10;9;6;6;8;6;6;7;8;6;6,141.30073187500238,spot,fair,launch,3,1,False
66004,200,99,141,16;11;8;8;8;7;7;7;7;7;7;6,169.3621711693704,duration,reverse,launch,3,1,False
66004,201,100,140,16;12;8;6;7;8;8;7;8;6;7;7,188.42364587262273,fair,reverse,launch,5,1,False
66004,202,96,144,16;11;8;6;7;8;7;6;7;7;6;7,214.577122034505,ready,reverse,launch,5,1,False
66004,203,85,155,8;8;8;7;7;8;6;7;7;7;6;6,148.05110497772694,spot,reverse,launch,5,2,False
66004,204,101,139,16;11;8;8;7;8;7;7;8;7;7;7,207.70225425809622,duration,duration,deadline,1,2,False
66004,205,99,141,16;11;8;7;7;8;8;7;6;8;7;6,152.3619760517031,fair,duration,deadline,1,2,False
66004,206,95,145,16;10;8;8;8;6;7;6;7;6;7;6,207.2008819077164,ready,duration,deadline,1,2,False
66004,207,88,152,8;8;8;8;10;9;8;8;7;6;5;3,162.15989493206143,spot,duration,deadline,2,2,True
66004,208,100,140,14;9;8;9;8;8;8;8;8;7;7;6,179.73400762863457,duration,fair,deadline,2,2,False
66004,209,101,139,16;11;8;7;8;8;8;7;8;6;6;8,193.15002877637744,fair,fair,deadline,2,2,False
66004,210,94,146,16;11;8;7;6;6;7;6;6;7;7;7,179.97468380257487,ready,fair,deadline,3,3,False
66004,211,81,159,8;8;7;6;6;6;7;7;7;7;6;6,117.92617191746831,spot,fair,deadline,3,3,False
66004,212,101,139,14;13;8;8;8;7;8;8;6;8;7;6,173.39989093877375,duration,reverse,deadline,3,3,False
66004,213,99,141,16;12;8;6;8;7;8;8;6;7;7;6,163.03207686543465,fair,reverse,deadline,5,3,False
66004,214,95,145,13;9;10;7;7;7;7;6;8;7;7;7,158.20847039110959,ready,reverse,deadline,5,3,False
66004,215,94,146,9;9;10;8;7;7;7;7;7;8;8;7,157.69930882938206,spot,reverse,deadline,5,3,False
66004,216,100,140,16;11;8;8;7;8;7;7;7;7;7;7,193.6110599692911,duration,duration,recovery,1,3,False
66004,217,99,141,16;11;8;7;6;8;8;7;7;7;6;8,166.04569737799466,fair,duration,recovery,1,5,False
66004,218,94,146,16;10;8;7;6;7;7;6;8;6;7;6,155.1584877036512,ready,duration,recovery,1,5,False
66004,219,87,153,9;9;9;7;6;6;7;7;6;6;8;7,107.10465979576111,spot,duration,recovery,2,5,False
66004,220,102,138,16;11;8;8;8;6;8;8;8;7;8;6,149.49780572392046,duration,fair,recovery,2,5,False
66004,221,98,142,14;9;8;8;7;7;8;7;8;7;7;8,135.16608724184334,fair,fair,recovery,2,5,False
66004,222,94,146,16;11;7;6;6;6;6;7;6;8;7;8,134.2477678246796,ready,fair,recovery,3,5,False
66004,223,89,151,8;8;8;8;8;7;7;7;7;8;9;4,126.22740600816905,spot,fair,recovery,3,5,True
66004,224,100,140,16;12;8;8;8;8;6;8;7;6;7;6,207.55662375874817,duration,reverse,recovery,3,1,False
66004,225,98,142,16;12;8;6;7;7;7;7;7;8;6;7,154.3384391013533,fair,reverse,recovery,5,1,False
66004,226,93,147,16;10;8;6;8;6;7;7;6;6;7;6,145.96316472813487,ready,reverse,recovery,5,1,False
66004,227,84,156,8;8;6;7;7;6;7;6;7;7;8;7,104.51286075077951,spot,reverse,recovery,5,1,False
66004,228,101,139,16;11;8;8;7;8;7;8;7;8;7;6,187.84595514461398,duration,duration,launch,1,1,False
66004,229,100,140,16;11;8;7;7;8;8;7;7;8;6;7,159.2050771638751,fair,duration,launch,1,1,False
66004,230,97,143,16;11;8;6;8;8;7;7;7;6;6;7,138.9912614505738,ready,duration,launch,1,1,False
66004,231,97,143,9;9;8;8;8;8;8;8;8;7;8;8,119.2434150557965,spot,duration,launch,2,2,False
66004,232,102,138,16;11;8;8;7;8;8;8;6;8;8;6,154.41896243207157,duration,fair,launch,2,2,False
66004,233,99,141,13;12;8;8;6;8;8;7;8;7;7;7,157.72984194383025,fair,fair,launch,2,2,False
66004,234,95,145,16;11;8;6;8;7;8;6;6;6;7;6,164.4857466518879,ready,fair,launch,3,2,False
66004,235,85,155,8;8;7;6;8;7;6;7;6;7;8;7,94.48030133545399,spot,fair,launch,3,2,False
66004,236,101,139,16;11;8;8;8;7;8;7;8;6;7;7,153.93947224132717,duration,reverse,launch,3,2,False
66004,237,98,142,16;11;8;7;7;7;8;6;8;7;6;7,190.98821208812296,fair,reverse,launch,5,2,False
66004,238,98,142,13;12;9;7;7;7;7;6;7;7;8;8,175.84590570442379,ready,reverse,launch,5,3,False
66004,239,87,153,9;8;8;8;7;8;8;9;8;6;5;3,107.680325595662,spot,reverse,launch,5,3,True
66004,240,101,139,16;11;8;8;7;8;7;7;8;7;7;7,182.512767881155,duration,duration,deadline,1,3,False
66004,241,100,140,16;11;8;7;7;8;8;7;6;8;7;7,178.17151060141623,fair,duration,deadline,1,3,False
66004,242,95,145,16;10;8;8;8;6;7;6;7;6;7;6,180.1610897127539,ready,duration,deadline,1,3,False
66004,243,89,151,9;9;9;7;7;7;7;7;7;7;7;6,114.82724755071104,spot,duration,deadline,2,3,False
66004,244,103,137,16;12;9;8;8;7;7;8;7;7;8;6,194.69228878244758,duration,fair,deadline,2,3,False
66004,245,101,139,14;13;8;7;7;8;8;8;7;8;6;7,148.11726083792746,fair,fair,deadline,2,5,False
66004,246,96,144,13;10;7;7;9;6;7;8;7;7;7;8,118.91491059958935,ready,fair,deadline,3,5,False
66004,247,81,159,8;8;7;6;6;6;6;7;6;7;7;7,65.81734509207308,spot,fair,deadline,3,5,False
66004,248,102,138,16;12;8;8;8;7;8;7;8;7;6;7,186.14913140423596,duration,reverse,deadline,3,5,False
66004,249,93,147,12;9;8;7;8;8;6;7;7;8;6;7,116.66349110752344,fair,reverse,deadline,5,5,False
66004,250,95,145,16;12;8;6;7;6;6;8;6;7;6;7,170.53262072056532,ready,reverse,deadline,5,5,False
66004,251,86,154,9;7;8;6;7;7;7;7;7;7;6;8,98.38448558747768,spot,reverse,deadline,5,5,False
66004,252,100,140,16;11;8;8;7;8;7;7;7;7;7;7,131.07546920143068,duration,duration,recovery,1,1,False
66004,253,100,140,16;11;8;7;6;8;8;7;7;8;7;7,167.23876117542386,fair,duration,recovery,1,1,False
66004,254,94,146,16;10;8;7;6;7;7;6;8;6;7;6,161.01627731323242,ready,duration,recovery,1,1,False
66004,255,88,152,8;8;8;7;7;7;8;7;9;10;5;4,78.87576564960182,spot,duration,recovery,2,1,True
66005,0,100,140,16;11;8;8;8;7;7;8;6;7;7;7,130.8982016555965,duration,duration,recovery,1,1,False
66005,1,99,141,16;11;8;7;6;8;8;7;7;7;6;8,127.57029893435538,fair,duration,recovery,1,1,False
66005,2,94,146,16;11;7;6;6;7;6;7;8;7;7;6,156.46366624720395,ready,duration,recovery,1,1,False
66005,3,83,157,8;7;7;7;7;8;6;6;7;7;6;7,66.73595962673426,spot,duration,recovery,2,1,False
66005,4,100,140,14;9;10;8;8;8;7;8;8;7;6;7,170.17031279020011,duration,fair,recovery,2,1,False
66005,5,101,139,14;10;10;8;7;7;8;8;7;8;6;8,141.1287924516946,fair,fair,recovery,2,1,False
66005,6,91,149,13;10;6;7;6;8;7;6;8;8;6;6,127.34407049976289,ready,fair,recovery,3,1,False
66005,7,89,151,9;9;8;7;8;6;6;7;7;7;8;7,101.08210236020386,spot,fair,recovery,3,2,False
66005,8,101,139,16;11;8;8;8;6;8;7;7;7;8;7,176.27235700935125,duration,reverse,recovery,3,2,False
66005,9,97,143,16;11;8;7;7;7;7;8;7;6;6;7,170.46383361704648,fair,reverse,recovery,5,2,False
66005,10,90,150,13;9;7;7;7;7;6;7;6;7;8;6,141.79376338981092,ready,reverse,recovery,5,2,False
66005,11,91,149,9;9;9;7;7;7;7;7;7;8;7;7,90.82744741626084,spot,reverse,recovery,5,2,False
66005,12,102,138,16;11;8;8;8;8;7;8;7;7;7;7,128.31758454814553,duration,duration,launch,1,2,False
66005,13,100,140,16;11;8;7;7;8;7;8;7;8;7;6,136.78843038715422,fair,duration,launch,1,2,False
66005,14,97,143,16;11;8;6;7;8;8;6;7;6;7;7,131.04362432844937,ready,duration,launch,1,3,False
66005,15,87,153,8;8;7;8;7;8;8;9;9;7;4;4,87.89682509936392,spot,duration,launch,2,3,True
66005,16,101,139,16;11;8;8;8;8;7;8;7;7;7;6,159.20262951776385,duration,fair,launch,2,3,False
66005,17,100,140,16;11;8;7;8;8;8;7;7;7;7;6,130.43062443472445,fair,fair,launch,2,3,False
66005,18,95,145,16;11;7;6;7;8;7;6;7;8;6;6,161.91220400482416,ready,fair,launch,3,3,False
66005,19,86,154,8;8;8;7;6;7;7;7;7;6;7;8,78.92720726318657,spot,fair,launch,3,3,False
66005,20,101,139,16;10;8;8;8;8;7;8;8;6;8;6,136.42861888557673,duration,reverse,launch,3,3,False
66005,21,97,143,12;9;11;7;9;8;6;7;7;8;7;6,171.1614053491503,fair,reverse,launch,5,5,False
66005,22,92,148,14;10;7;9;7;7;6;6;6;7;7;6,140.90533500537276,ready,reverse,launch,5,5,False
66005,23,84,156,8;8;7;6;7;6;7;7;7;7;7;7,83.95621316321194,spot,reverse,launch,5,5,False
66005,24,100,140,16;11;8;8;8;7;7;8;6;7;7;7,140.44364175014198,duration,duration,deadline,1,5,False
66005,25,99,141,16;11;8;7;7;8;8;7;7;7;7;6,178.7370330300182,fair,duration,deadline,1,5,False
66005,26,96,144,16;11;7;7;6;7;8;8;6;7;7;6,164.98440035432577,ready,duration,deadline,1,5,False
66005,27,85,155,8;8;6;8;6;6;7;6;8;7;8;7,78.63972655497491,spot,duration,deadline,2,5,False
66005,28,100,140,16;11;8;8;8;7;7;7;8;7;7;6,138.75575412996113,duration,fair,deadline,2,1,False
66005,29,99,141,16;11;8;7;7;8;8;7;7;7;7;6,129.97885387577116,fair,fair,deadline,2,1,False
66005,30,93,147,13;10;6;8;7;6;8;7;7;7;6;8,113.06643500551581,ready,fair,deadline,3,1,False
66005,31,88,152,8;8;8;7;6;7;7;7;7;6;8;9,97.74626545235515,spot,fair,deadline,3,1,True
66005,32,101,139,14;12;9;8;8;8;8;8;8;6;6;6,121.01102389395237,duration,reverse,deadline,3,1,False
66005,33,97,143,13;9;10;8;7;8;7;7;7;8;7;6,169.98041470348835,fair,reverse,deadline,5,1,False
66005,34,95,145,14;11;8;7;7;7;7;6;7;6;8;7,164.9606231302023,ready,reverse,deadline,5,1,False
66005,35,96,144,9;10;10;6;7;7;7;9;8;7;8;8,101.39524105191231,spot,reverse,deadline,5,2,False
66005,36,100,140,16;11;8;8;8;7;7;8;6;7;7;7,145.1523312535137,duration,duration,recovery,1,2,False
66005,37,99,141,16;11;8;7;6;8;8;7;7;7;6;8,162.73011951893568,fair,duration,recovery,1,2,False
66005,38,94,146,16;11;7;6;6;7;6;7;8;7;7;6,151.1931734420359,ready,duration,recovery,1,2,False
66005,39,92,148,9;9;8;8;8;7;8;7;6;7;7;8,98.27197545580566,spot,duration,recovery,2,2,False
66005,40,99,141,13;10;8;8;8;8;7;7;8;7;7;8,120.25938437134027,duration,fair,recovery,2,2,False
66005,41,100,140,14;9;8;8;8;8;8;8;7;8;7;7,130.4607182238251,fair,fair,recovery,2,2,False
66005,42,96,144,16;11;8;6;7;6;6;6;7;8;8;7,123.52943284995854,ready,fair,recovery,3,3,False
66005,43,93,147,10;10;8;7;7;7;7;7;8;7;9;6,118.2848288808018,spot,fair,recovery,3,3,False
66005,44,102,138,16;11;8;8;8;7;8;8;7;8;7;6,153.21284117922187,duration,reverse,recovery,3,3,False
66005,45,98,142,16;11;9;6;7;8;6;7;8;7;7;6,136.65243462100625,fair,reverse,recovery,5,3,False
66005,46,92,148,16;11;7;6;6;6;6;6;7;7;6;8,108.30330119654536,ready,reverse,recovery,5,3,False
66005,47,89,151,8;8;7;8;7;8;7;7;7;9;7;6,119.5402547121048,spot,reverse,recovery,5,3,True
66005,48,102,138,16;11;8;8;8;8;7;8;7;7;7;7,129.84334865398705,duration,duration,launch,1,3,False
66005,49,100,140,16;11;8;7;7;8;7;8;7;8;7;6,153.34766431711614,fair,duration,launch,1,5,False
66005,50,97,143,16;11;8;6;7;8;8;6;7;6;7;7,130.99814871698618,ready,duration,launch,1,5,False
66005,51,91,149,8;8;8;8;8;7;7;7;7;7;8;8,80.88888732343912,spot,duration,launch,2,5,False
66005,52,103,137,16;11;8;8;8;8;7;8;7;8;7;7,138.96558815985918,duration,fair,launch,2,5,False
66005,53,100,140,16;11;8;7;7;8;7;7;8;7;8;6,187.09627063572407,fair,fair,launch,2,5,False
66005,54,95,145,13;10;7;8;8;8;7;7;7;7;6;7,111.99674474075437,ready,fair,launch,3,5,False
66005,55,97,143,9;11;8;7;8;7;8;8;7;8;9;7,134.9605204630643,spot,fair,launch,3,5,False
66005,56,99,141,16;11;8;8;8;8;8;7;6;6;7;6,137.55988973751664,duration,reverse,launch,3,1,False
66005,57,95,145,13;10;8;8;6;7;8;6;8;7;8;6,107.55908010341227,fair,reverse,launch,5,1,False
66005,58,94,146,12;10;8;8;8;6;7;7;8;7;7;6,108.39093589782715,ready,reverse,launch,5,1,False
66005,59,87,153,8;8;8;7;6;8;7;7;6;7;7;8,78.37004110403359,spot,reverse,launch,5,1,False
66005,60,100,140,16;11;8;8;8;7;7;8;6;7;7;7,181.97016389667988,duration,duration,deadline,1,1,False
66005,61,99,141,16;11;8;7;7;8;8;7;7;7;7;6,172.73441308364272,fair,duration,deadline,1,1,False
66005,62,96,144,16;11;7;7;6;7;8;8;6;7;7;6,129.8547379169613,ready,duration,deadline,1,1,False
66005,63,89,151,9;9;10;8;8;8;8;8;8;5;5;3,119.03434942662716,spot,duration,deadline,2,2,True
66005,64,103,137,16;11;8;8;8;7;8;8;7;8;7;7,141.8598391804844,duration,fair,deadline,2,2,False
66005,65,101,139,14;10;10;8;7;8;7;8;7;7;7;8,139.16186837293208,fair,fair,deadline,2,2,False
66005,66,98,142,16;11;8;7;8;6;7;8;7;6;7;7,169.5885177589953,ready,fair,deadline,3,2,False
66005,67,91,149,9;9;9;7;7;7;6;7;8;6;8;8,91.44768412597477,spot,fair,deadline,3,2,False
66005,68,100,140,13;10;11;8;7;8;8;7;7;8;6;7,139.42925979569554,duration,reverse,deadline,3,2,False
66005,69,100,140,16;11;8;8;8;7;8;7;8;6;6;7,167.1742760706693,fair,reverse,deadline,5,2,False
66005,70,96,144,16;10;7;8;8;6;7;7;8;6;7;6,155.44438676163554,ready,reverse,deadline,5,3,False
66005,71,88,152,9;9;9;7;7;7;7;7;6;6;7;7,106.64494993537664,spot,reverse,deadline,5,3,False
66005,72,100,140,16;11;8;8;8;7;7;8;6;7;7;7,156.35609874501824,duration,duration,recovery,1,3,False
66005,73,99,141,16;11;8;7;6;8;8;7;7;7;6;8,178.0478863287717,fair,duration,recovery,1,3,False
66005,74,94,146,16;11;7;6;6;7;6;7;8;7;7;6,141.77130377851427,ready,duration,recovery,1,3,False
66005,75,92,148,9;9;8;9;7;7;7;7;7;7;8;7,91.15161530300975,spot,duration,recovery,2,3,False
66005,76,101,139,16;11;8;8;8;7;7;8;7;8;7;6,149.2136431634426,duration,fair,recovery,2,3,False
66005,77,101,139,14;12;8;8;7;8;8;7;7;8;7;7,193.8443230241537,fair,fair,recovery,2,5,False
66005,78,95,145,13;12;8;6;7;8;7;7;6;8;7;6,165.23691904731095,ready,fair,recovery,3,5,False
66005,79,91,149,9;9;9;9;7;7;7;8;9;7;5;5,91.8179585095495,spot,fair,recovery,3,5,True
66005,80,102,138,16;11;8;8;8;8;8;8;6;6;8;7,141.33179653063416,duration,reverse,recovery,3,5,False
66005,81,94,146,13;9;8;9;7;8;7;7;7;6;6;7,104.88442585989833,fair,reverse,recovery,5,5,False
66005,82,94,146,16;11;7;6;8;6;6;8;6;8;6;6,119.98093301616609,ready,reverse,recovery,5,5,False
66005,83,90,150,10;10;8;7;6;7;6;8;8;7;7;6,122.92451086454093,spot,reverse,recovery,5,5,False
66005,84,102,138,16;11;8;8;8;8;7;8;7;7;7;7,199.56513386778533,duration,duration,launch,1,1,False
66005,85,100,140,16;11;8;7;7;8;7;8;7;8;7;6,132.08507410809398,fair,duration,launch,1,1,False
66005,86,97,143,16;11;8;6;7;8;8;6;7;6;7;7,153.23922471515834,ready,duration,launch,1,1,False
66005,87,93,147,9;9;8;7;7;7;8;7;8;8;7;8,93.65090060792863,spot,duration,launch,2,1,False
66005,88,101,139,14;9;8;9;8;8;8;8;8;7;8;6,146.37370891682804,duration,fair,launch,2,1,False
66005,89,100,140,16;11;8;7;7;8;7;8;8;6;6;8,135.42624803818762,fair,fair,launch,2,1,False
66005,90,101,139,14;12;8;8;7;7;8;8;8;7;6;8,134.50240708515048,ready,fair,launch,3,1,False
66005,91,84,156,8;9;7;7;8;7;6;7;7;6;6;6,87.00423236377537,spot,fair,launch,3,2,False
66005,92,101,139,16;11;8;8;7;8;8;7;8;7;8;5,179.86701613664627,duration,reverse,launch,3,2,False
66005,93,99,141,16;12;8;6;8;7;8;7;6;7;8;6,128.21146215125918,fair,reverse,launch,5,2,False
66005,94,96,144,13;9;8;8;8;7;7;7;8;6;7;8,136.83784572035074,ready,reverse,launch,5,2,False
66005,95,87,153,8;8;8;8;7;8;10;8;9;5;4;4,109.18723255954683,spot,reverse,launch,5,2,True
66005,96,100,140,16;11;8;8;8;7;7;8;6;7;7;7,213.8714370764792,duration,duration,deadline,1,2,False
66005,97,100,140,16;11;8;7;7;8;8;7;7;7;7;7,216.5761401206255,fair,duration,deadline,1,2,False
66005,98,96,144,16;11;7;7;6;7;8;8;6;7;7;6,127.49546650238335,ready,duration,deadline,1,3,False
66005,99,84,156,8;7;7;6;7;6;7;7;7;7;7;8,67.3287699483335,spot,duration,deadline,2,3,False
66005,100,100,140,14;12;8;8;8;8;8;8;7;6;6;7,137.4096502698958,duration,fair,deadline,2,3,False
66005,101,101,139,14;13;8;7;6;8;8;8;8;7;7;7,124.41370008327067,fair,fair,deadline,2,3,False
66005,102,96,144,16;11;8;7;6;7;8;7;6;7;7;6,177.155904289335,ready,fair,deadline,3,3,False
66005,103,80,160,8;8;7;8;6;6;6;6;6;7;6;6,53.665591107681394,spot,fair,deadline,3,3,False
66005,104,103,137,16;11;8;8;8;7;8;7;7;8;8;7,208.06550847366452,duration,reverse,deadline,3,3,False
66005,105,98,142,13;10;9;9;8;6;8;8;8;6;7;6,173.96621550433338,fair,reverse,deadline,5,5,False
66005,106,94,146,16;11;8;6;7;7;6;7;6;7;7;6,194.06209627725184,ready,reverse,deadline,5,5,False
66005,107,92,148,11;8;9;7;6;7;7;7;8;8;6;8,96.57542606070638,spot,reverse,deadline,5,5,False
66005,108,100,140,16;11;8;8;8;7;7;8;6;7;7;7,132.58985650911927,duration,duration,recovery,1,5,False
66005,109,99,141,16;11;8;7;6;8;8;7;7;7;6;8,178.7090025972575,fair,duration,recovery,1,5,False
66005,110,94,146,16;11;7;6;6;7;6;7;8;7;7;6,130.98738238960505,ready,duration,recovery,1,5,False
66005,111,91,149,8;8;8;7;8;7;7;8;8;8;9;5,90.51223183237016,spot,duration,recovery,2,5,True
66005,112,101,139,16;12;8;8;8;7;7;8;7;8;6;6,187.63983445614576,duration,fair,recovery,2,1,False
66005,113,100,140,16;11;8;7;6;8;7;8;8;7;7;7,205.50488001294434,fair,fair,recovery,2,1,False
66005,114,98,142,16;11;8;6;7;7;8;7;8;6;7;7,129.6244719326496,ready,fair,recovery,3,1,False
66005,115,92,148,9;9;8;8;8;8;7;7;6;7;7;8,125.25228178501129,spot,fair,recovery,3,1,False
66005,116,99,141,16;11;8;8;8;8;6;6;8;7;7;6,193.82057402655482,duration,reverse,recovery,3,1,False
66005,117,99,141,16;11;8;8;7;7;8;8;6;8;6;6,197.320114729926,fair,reverse,recovery,5,1,False
66005,118,88,152,13;9;7;7;6;6;8;7;6;6;7;6,105.32125173695385,ready,reverse,recovery,5,1,False
66005,119,86,154,8;8;7;7;8;6;8;7;7;7;6;7,83.38607477024198,spot,reverse,recovery,5,2,False
66005,120,102,138,16;11;8;8;8;8;7;8;7;7;7;7,209.99772161245346,duration,duration,launch,1,2,False
66005,121,100,140,16;11;8;7;7;8;7;8;7;8;7;6,208.68017434328794,fair,duration,launch,1,2,False
66005,122,97,143,16;11;8;6;7;8;8;6;7;6;7;7,143.85718544013798,ready,duration,launch,1,2,False
66005,123,95,145,9;10;8;7;6;7;8;8;8;8;8;8,85.90970499813557,spot,duration,launch,2,2,False
66005,124,99,141,13;9;10;8;8;8;7;8;7;8;7;6,202.3256365340203,duration,fair,launch,2,2,False
66005,125,100,140,16;11;9;7;7;8;8;7;7;8;6;6,170.78586773201823,fair,fair,launch,2,2,False
66005,126,99,141,14;13;8;7;7;7;7;7;8;8;6;7,148.85897879116237,ready,fair,launch,3,3,False
66005,127,87,153,9;9;9;8;8;8;7;10;7;4;4;4,110.50821696594357,spot,fair,launch,3,3,True
66005,128,101,139,16;11;8;8;8;8;7;8;7;7;7;6,216.94156723842025,duration,reverse,launch,3,3,False
66005,129,97,143,12;9;8;8;8;8;8;8;8;6;7;7,162.48057399317622,fair,reverse,launch,5,3,False
66005,130,97,143,16;11;8;8;7;8;7;6;6;7;6;7,203.35204320028424,ready,reverse,launch,5,3,False
66005,131,85,155,8;8;8;7;7;7;6;7;7;7;7;6,90.83286203816533,spot,reverse,launch,5,3,False
66005,132,100,140,16;11;8;8;8;7;7;8;6;7;7;7,157.3292198460549,duration,duration,deadline,1,3,False
66005,133,99,141,16;11;8;7;7;8;8;7;7;7;7;6,159.68295408785343,fair,duration,deadline,1,5,False
66005,134,96,144,16;11;7;7;6;7;8;8;6;7;7;6,199.08311096951365,ready,duration,deadline,1,5,False
66005,135,91,149,9;9;8;7;8;6;7;6;8;7;8;8,121.62156097404659,spot,duration,deadline,2,5,False
66005,136,102,138,16;11;8;8;8;7;8;8;7;8;7;6,159.48268662020564,duration,fair,deadline,2,5,False
66005,137,100,140,14;10;10;8;7;8;8;7;8;7;7;6,204.79256971366704,fair,fair,deadline,2,5,False
66005,138,96,144,16;11;7;7;6;7;8;6;6;8;7;7,149.31625601276755,ready,fair,deadline,3,5,False
66005,139,85,155,8;8;6;7;7;7;7;7;8;7;6;7,97.83806650526822,spot,fair,deadline,3,5,False
66005,140,102,138,14;10;11;8;8;7;8;8;7;8;6;7,188.74005146883428,duration,reverse,deadline,3,1,False
66005,141,98,142,16;10;8;7;7;8;7;8;7;6;7;7,166.6463750489056,fair,reverse,deadline,5,1,False
66005,142,92,148,16;11;7;7;6;7;7;6;6;6;6;7,185.58194219321012,ready,reverse,deadline,5,1,False
66005,143,88,152,9;9;9;7;8;8;8;10;7;4;5;4,114.13058844022453,spot,reverse,deadline,5,1,True
66005,144,100,140,16;11;8;8;8;7;7;8;6;7;7;7,173.44144704565406,duration,duration,recovery,1,1,False
66005,145,99,141,16;11;8;7;6;8;8;7;7;7;6;8,177.98460168391466,fair,duration,recovery,1,1,False
66005,146,94,146,16;11;7;6;6;7;6;7;8;7;7;6,198.19496305659413,ready,duration,recovery,1,1,False
66005,147,83,157,8;8;8;7;6;6;6;6;7;7;7;7,89.09952458553016,spot,duration,recovery,2,2,False
66005,148,102,138,16;12;8;8;8;7;8;7;8;6;6;8,181.36640782281756,duration,fair,recovery,2,2,False
66005,149,101,139,16;11;8;8;6;8;8;7;7;8;6;8,193.57724415697157,fair,fair,recovery,2,2,False
66005,150,89,151,13;9;8;6;8;6;7;7;6;6;6;7,175.83520840480924,ready,fair,recovery,3,2,False
66005,151,83,157,8;8;6;7;8;6;6;7;7;7;6;7,61.12574324198067,spot,fair,recovery,3,2,False
66005,152,100,140,14;11;8;9;8;8;7;8;8;7;6;6,208.1627614889294,duration,reverse,recovery,3,2,False
66005,153,96,144,16;12;8;6;7;7;7;8;6;7;6;6,150.64324108883739,fair,reverse,recovery,5,2,False
66005,154,95,145,13;9;7;8;9;7;7;7;7;8;7;6,167.18139415606856,ready,reverse,recovery,5,3,False
66005,155,90,150,9;9;10;6;6;7;6;7;7;7;8;8,120.89621571265161,spot,reverse,recovery,5,3,False
66005,156,102,138,16;11;8;8;8;8;7;8;7;7;7;7,209.94430185854435,duration,duration,launch,1,3,False
66005,157,100,140,16;11;8;7;7;8;7;8;7;8;7;6,165.7762809600681,fair,duration,launch,1,3,False
66005,158,97,143,16;11;8;6;7;8;8;6;7;6;7;7,159.78960115090013,ready,duration,launch,1,3,False
66005,159,88,152,8;8;8;8;7;8;8;8;9;8;5;3,151.63753570057452,spot,duration,launch,2,3,True
66005,160,101,139,16;11;8;8;8;7;8;7;8;7;7;6,182.55865984596312,duration,fair,launch,2,3,False
66005,161,99,141,16;11;8;8;7;8;8;7;7;8;5;6,194.84768418595195,fair,fair,launch,2,5,False
66005,162,98,142,14;9;9;7;8;7;8;8;6;8;6;8,181.41952718794346,ready,fair,launch,3,5,False
66005,163,87,153,8;9;8;7;7;8;6;7;6;6;8;7,123.9384062513709,spot,fair,launch,3,5,False
66005,164,101,139,13;12;8;8;8;8;8;7;8;7;7;7,186.06073547527194,duration,reverse,launch,3,5,False
66005,165,96,144,16;11;8;7;7;6;8;6;6;8;6;7,157.6226335503161,fair,reverse,launch,5,5,False
66005,166,96,144,13;9;6;9;8;7;8;7;7;8;8;6,166.5101617053151,ready,reverse,launch,5,5,False
66005,167,89,151,8;9;7;7;6;9;7;7;7;7;8;7,109.46792335249484,spot,reverse,launch,5,5,False
66005,168,100,140,16;11;8;8;8;7;7;8;6;7;7;7,176.29786454327404,duration,duration,deadline,1,1,False
66005,169,99,141,16;11;8;7;7;8;8;7;7;7;7;6,169.53446361608803,fair,duration,deadline,1,1,False
66005,170,96,144,16;11;7;7;6;7;8;8;6;7;7;6,194.3522459231317,ready,duration,deadline,1,1,False
66005,171,92,148,9;10;8;7;7;8;7;8;7;7;7;7,138.73078808933496,spot,duration,deadline,2,1,False
66005,172,102,138,16;11;9;8;8;7;8;8;7;6;8;6,211.25010906532407,duration,fair,deadline,2,1,False
66005,173,98,142,13;10;8;7;7;8;8;7;8;8;6;8,150.68003955855966,fair,fair,deadline,2,1,False
66005,174,100,140,14;12;8;7;8;7;7;8;8;6;8;7,166.17740223184228,ready,fair,deadline,3,1,False
66005,175,88,152,9;9;9;8;7;7;8;7;8;8;4;4,152.46803840994835,spot,fair,deadline,3,2,True
66005,176,100,140,16;11;8;8;7;8;7;8;7;7;7;6,164.42209570854902,duration,reverse,deadline,3,2,False
66005,177,96,144,12;11;8;9;7;7;7;7;7;7;6;8,169.3665124643594,fair,reverse,deadline,5,2,False
66005,178,93,147,16;11;7;7;7;6;8;7;6;6;6;6,156.48684195056558,ready,reverse,deadline,5,2,False
66005,179,81,159,8;8;7;6;6;6;6;6;7;7;7;7,90.79083525575697,spot,reverse,deadline,5,2,False
66005,180,100,140,16;11;8;8;8;7;7;8;6;7;7;7,215.57784010469913,duration,duration,recovery,1,2,False
66005,181,99,141,16;11;8;7;6;8;8;7;7;7;6;8,158.59481375664473,fair,duration,recovery,1,2,False
66005,182,94,146,16;11;7;6;6;7;6;7;8;7;7;6,181.75519036874175,ready,duration,recovery,1,3,False
66005,183,93,147,9;10;8;7;7;7;8;8;6;7;8;8,140.59724360331893,spot,duration,recovery,2,3,False
66005,184,101,139,16;11;8;8;8;7;8;7;7;7;8;6,185.6435683425516,duration,fair,recovery,2,3,False
66005,185,99,141,16;12;8;7;6;8;8;8;6;7;7;6,156.62620362639427,fair,fair,recovery,2,3,False
66005,186,91,149,14;9;10;7;6;6;6;7;6;7;7;6,191.32536584325135,ready,fair,recovery,3,3,False
66005,187,90,150,10;9;9;7;7;7;7;6;7;6;7;8,123.87062806263566,spot,fair,recovery,3,3,False
66005,188,100,140,16;11;8;8;8;7;6;8;6;8;8;6,170.3419010490179,duration,reverse,recovery,3,3,False
66005,189,100,140,16;12;8;6;8;7;8;8;7;7;7;6,165.32271146401763,fair,reverse,recovery,5,5,False
66005,190,96,144,16;11;7;7;6;8;8;7;6;7;6;7,156.98402724415064,ready,reverse,recovery,5,5,False
66005,191,87,153,9;8;9;8;7;8;8;8;8;6;5;3,143.49605789780617,spot,reverse,recovery,5,5,True
66005,192,102,138,16;11;8;8;8;8;7;8;7;7;7;7,208.3720390032977,duration,duration,launch,1,5,False
66005,193,100,140,16;11;8;7;7;8;7;8;7;8;7;6,228.1811721920967,fair,duration,launch,1,5,False
66005,194,97,143,16;11;8;6;7;8;8;6;7;6;7;7,179.90071208029985,ready,duration,launch,1,5,False
66005,195,93,147,9;10;8;7;8;7;7;7;6;8;8;8,138.32106175087392,spot,duration,launch,2,5,False
66005,196,101,139,16;10;9;8;8;7;8;8;7;7;7;6,217.67599592357874,duration,fair,launch,2,1,False
66005,197,98,142,14;9;8;8;7;8;8;8;8;7;7;6,145.39947348460555,fair,fair,launch,2,1,False
66005,198,97,143,16;11;8;8;8;8;6;7;6;6;6;7,158.66220392659307,ready,fair,launch,3,1,False
66005,199,94,146,9;10;10;7;7;7;6;7;7;8;8;8,122.80625971220434,spot,fair,launch,3,1,False
66005,200,101,139,14;13;8;8;8;7;8;7;8;7;7;6,152.45726248249412,duration,reverse,launch,3,1,False
66005,201,99,141,16;10;8;7;7;8;8;7;7;7;7;7,206.43361183814704,fair,reverse,launch,5,1,False
66005,202,98,142,16;11;8;6;6;7;7;8;8;7;7;7,213.34411453269422,ready,reverse,launch,5,1,False
66005,203,87,153,8;8;8;8;6;6;7;7;7;7;7;8,107.60123979113996,spot,reverse,launch,5,2,False
66005,204,100,140,16;11;8;8;8;7;7;8;6;7;7;7,176.65413359180093,duration,duration,deadline,1,2,False
66005,205,100,140,16;11;8;7;7;8;8;7;7;7;7;7,207.46117920801044,fair,duration,deadline,1,2,False
66005,206,96,144,16;11;7;7;6;7;8;8;6;7;7;6,150.88082041963935,ready,duration,deadline,1,2,False
66005,207,90,150,8;8;6;7;7;7;7;7;7;8;8;10,100.42696840502322,spot,duration,deadline,2,2,True
66005,208,101,139,16;11;8;8;8;7;8;7;7;8;6;7,183.11121165193617,duration,fair,deadline,2,2,False
66005,209,101,139,16;11;8;7;7;8;8;8;8;7;7;6,218.35250841639936,fair,fair,deadline,2,2,False
66005,210,95,145,16;11;8;6;7;7;6;8;7;6;7;6,201.31292331032455,ready,fair,deadline,3,3,False
66005,211,89,151,9;9;8;8;7;6;7;6;7;7;7;8,98.0059818290174,spot,fair,deadline,3,3,False
66005,212,102,138,13;9;11;8;8;8;8;6;8;8;8;7,190.80826292932034,duration,reverse,deadline,3,3,False
66005,213,97,143,14;8;8;9;7;8;7;8;7;7;6;8,146.24970644153655,fair,reverse,deadline,5,3,False
66005,214,90,150,13;10;7;7;6;7;6;6;7;6;8;7,134.3716134596616,ready,reverse,deadline,5,3,False
66005,215,94,146,9;10;9;7;7;6;7;7;9;7;8;8,144.5100689046085,spot,reverse,deadline,5,3,False
66005,216,100,140,16;11;8;8;8;7;7;8;6;7;7;7,208.57558008097112,duration,duration,recovery,1,3,False
66005,217,99,141,16;11;8;7;6;8;8;7;7;7;6;8,170.41687667369843,fair,duration,recovery,1,5,False
66005,218,94,146,16;11;7;6;6;7;6;7;8;7;7;6,131.2515532169491,ready,duration,recovery,1,5,False
66005,219,89,151,9;10;9;7;7;6;6;7;7;8;7;6,120.5751630552113,spot,duration,recovery,2,5,False
66005,220,101,139,14;12;8;8;8;7;8;7;7;8;7;7,175.2201792858541,duration,fair,recovery,2,5,False
66005,221,101,139,16;11;8;7;8;8;8;8;7;7;6;7,170.07714452780783,fair,fair,recovery,2,5,False
66005,222,94,146,16;11;8;6;7;6;7;6;6;8;7;6,195.32973161153495,ready,fair,recovery,3,5,False
66005,223,89,151,8;8;7;8;8;8;6;8;8;9;6;5,104.77665454149246,spot,fair,recovery,3,5,True
66005,224,100,140,16;11;8;8;8;8;7;7;8;7;6;6,192.66806942410767,duration,reverse,recovery,3,1,False
66005,225,95,145,13;10;8;8;7;7;8;7;7;7;7;6,135.79585807584226,fair,reverse,recovery,5,1,False
66005,226,92,148,12;9;8;8;7;8;7;7;6;6;7;7,129.86786831915379,ready,reverse,recovery,5,1,False
66005,227,89,151,10;9;7;8;6;6;8;6;8;6;7;8,113.78585406765342,spot,reverse,recovery,5,1,False
66005,228,102,138,16;11;8;8;8;8;7;8;7;7;7;7,205.28982740826905,duration,duration,launch,1,1,False
66005,229,100,140,16;11;8;7;7;8;7;8;7;8;7;6,192.91063318774104,fair,duration,launch,1,1,False
66005,230,97,143,16;11;8;6;7;8;8;6;7;6;7;7,186.16986535862088,ready,duration,launch,1,1,False
66005,231,92,148,9;9;8;8;7;7;6;7;8;7;8;8,115.26943924464285,spot,duration,launch,2,2,False
66005,232,101,139,16;11;8;8;8;7;8;7;8;7;7;6,181.08237532898784,duration,fair,launch,2,2,False
66005,233,100,140,16;11;8;7;8;8;8;7;8;8;6;5,211.9599558506161,fair,fair,launch,2,2,False
66005,234,94,146,14;9;7;9;6;6;7;7;8;6;8;7,150.1957645379007,ready,fair,launch,3,2,False
66005,235,93,147,9;10;8;8;6;7;8;8;7;8;6;8,140.6979202516377,spot,fair,launch,3,2,False
66005,236,99,141,13;10;8;9;9;7;8;8;7;8;5;7,159.7811233997345,duration,reverse,launch,3,2,False
66005,237,99,141,16;11;8;8;6;7;8;7;8;7;6;7,213.45632629655302,fair,reverse,launch,5,2,False
66005,238,88,152,13;8;8;9;7;6;6;6;7;6;6;6,149.55729954317212,ready,reverse,launch,5,3,False
66005,239,89,151,9;10;9;8;7;8;9;7;7;5;5;5,119.66740942932665,spot,reverse,launch,5,3,True
66005,240,100,140,16;11;8;8;8;7;7;8;6;7;7;7,170.73133101128042,duration,duration,deadline,1,3,False
66005,241,100,140,16;11;8;7;7;8;8;7;7;7;7;7,205.54024988599122,fair,duration,deadline,1,3,False
66005,242,96,144,16;11;7;7;6;7;8;8;6;7;7;6,187.158184023574,ready,duration,deadline,1,3,False
66005,243,86,154,8;8;7;7;8;7;7;6;7;8;6;7,102.55053397268057,spot,duration,deadline,2,3,False
66005,244,102,138,16;11;8;8;8;7;8;7;8;8;7;6,182.9371790997684,duration,fair,deadline,2,3,False
66005,245,99,141,13;13;8;8;6;8;7;8;7;8;6;7,178.6394489556551,fair,fair,deadline,2,5,False
66005,246,96,144,16;11;8;7;7;6;6;8;6;8;6;7,161.14669415913522,ready,fair,deadline,3,5,False
66005,247,93,147,9;10;8;7;8;7;7;8;7;7;7;8,121.30697123892605,spot,fair,deadline,3,5,False
66005,248,102,138,16;11;9;8;7;8;7;8;8;7;6;7,209.19469403102994,duration,reverse,deadline,3,5,False
66005,249,101,139,16;11;8;8;7;7;8;7;6;8;8;7,169.26861589588225,fair,reverse,deadline,5,5,False
66005,250,95,145,16;11;8;8;6;8;6;7;6;6;6;7,169.06883572228253,ready,reverse,deadline,5,5,False
66005,251,85,155,8;8;8;8;7;6;7;7;7;7;6;6,131.5551634989679,spot,reverse,deadline,5,5,False
66005,252,100,140,16;11;8;8;8;7;7;8;6;7;7;7,195.6170438118279,duration,duration,recovery,1,1,False
66005,253,99,141,16;11;8;7;6;8;8;7;7;7;6;8,187.13897412084043,fair,duration,recovery,1,1,False
66005,254,94,146,16;11;7;6;6;7;6;7;8;7;7;6,181.78382420912385,ready,duration,recovery,1,1,False
66005,255,87,153,8;7;7;8;8;7;8;7;8;11;4;4,93.46567394770682,spot,duration,recovery,2,1,True
